name,price,old price,sale,url,image,fullDescription,productInformation,rating,brand,is_best_seller,new release,productCategory
SHEIN Metal Frame Tinted Lens Glasses-6852,EGP 459.00 57%,EGP 459.00,57%,https://www.jumia.com.eg/shein-metal-frame-tinted-lens-glasses-6852-25172503.html,https://eg.jumia.is/unsafe/fit-in/500x500/filters:fill(white)/product/30/527152/1.jpg?5309,MODEL: SHEIN  Brand : SHEIN  Targeted Group : Women Occasion : Casual Type : Sunglasses  MODEL: SHEIN  Brand : SHEIN  Targeted Group : Women Occasion : Casual Type : Sunglasses ,SKU: SH574FC0I6AWGNAFAMZ Color: Multicolour Main Material: Mix,4.6 out of 5 (49 verified ratings),SHEIN,TRUE,FALSE,fashion
Mesery Bundle OF Six Brief Smooth Cotton Panties,EGP 159.99,EGP 499.00,68%,https://www.jumia.com.eg/mesery-bundle-of-six-brief-smooth-cotton-panties-21287114.html,https://eg.jumia.is/unsafe/fit-in/500x500/filters:fill(white)/product/41/178212/1.jpg?6886,"This item cannot be exchanged or returned  True to size, take your usual size. It Doesn’t shrink or stretch out Doesn’t wrinkle under your clothes Moisture wicking - keeps you cool and dry Low profile leg bands for stay-in-place comfort Machine Wash Slip on Made of the finest raw materials It has the ability to absorb sweat and prevent unpleasant odors Best-in-class wearing comfort is delivered with the high-quality fabric Ideal for regular use This item cannot be exchanged or returned Colors, Patterns & Printings may vary",SKU: ME773FA0OILB8NAFAMZ Production Country: Egypt Color: May Vary Main Material: Cotton,4.2 out of 5 (3783 verified ratings),Mesery,FALSE,FALSE,fashion
ADIDAS Adilette Aqua Slides Women,EGP 450.00,EGP 899.00,50%,https://www.jumia.com.eg/adidas-adilette-aqua-slides-women-28955171.html,https://eg.jumia.is/unsafe/fit-in/500x500/filters:fill(white)/product/17/155982/1.jpg?9724,  Regular fit   Slip-on construction   Single-bandage synthetic upper   Synthetic outsole; Synthetic lining   Soft Cloudfoam footbed   Quick-drying materials  ,SKU: AD537FS0A7PN2NAFAMZ Model: GX4279 Color: Black Main Material: SYNTHETICS Shop Type: Jumia Mall,4.4 out of 5 (5 verified ratings),ADIDAS,FALSE,FALSE,fashion
Mesery Bundle OF Six Smooth Cotton Hipster Panties,EGP 149.99,EGP 310.00,52%,https://www.jumia.com.eg/mesery-bundle-of-six-smooth-cotton-hipster-panties-17820420.html,https://eg.jumia.is/unsafe/fit-in/500x500/filters:fill(white)/product/02/402871/1.jpg?9002,"This item cannot be exchanged or returned Colors, Patterns & Printings May Vary & May be Duplicate This item cannot be exchanged or returned Doesn’t wrinkle under your clothes Machine Wash Made of cotton material Comes in quick dry effect Breathable, quick-drying & odour-inhibiting Soft and gentle on the skin Ideal for daily use Slip on Stretchable, Elasticated Waistband tailored to best fit",SKU: CA792FA01FI2FNAFAMZ Production Country: Egypt Color: May Vary Main Material: Cotton,4.4 out of 5 (2286 verified ratings),Mesery,FALSE,FALSE,fashion
Mesery Bundle Of Three Full Coverage Non-wired Cross Back Sportive Bra,EGP 99.00,EGP 199.00,50%,https://www.jumia.com.eg/mesery-bundle-of-three-full-coverage-non-wired-cross-back-sportive-bra-21201894.html,https://eg.jumia.is/unsafe/fit-in/500x500/filters:fill(white)/product/49/810212/1.jpg?3740,"This item cannot be exchanged or returned Doesn’t wrinkle under your clothes Machine Wash Made of cotton material Comes in quick dry effect Breathable, quick-drying Soft and gentle on the skin Ideal for daily use full-coverage Sports bra Non-Wired  Slip on Round Neck Sleeveless This item cannot be exchanged or returned Colors, Patterns & Printings May Vary & May be Duplicate",SKU: ME773SL0TNLT0NAFAMZ Model: 15012 Production Country: Egypt Color: May Vary Main Material: Cotton,3.7 out of 5 (228 verified ratings),Mesery,TRUE,FALSE,fashion
Fold-able Backpack Bags Waterproof For Travel And Sports - 1 PCs,EGP 245.00 70%,EGP 245.00,70%,https://www.jumia.com.eg/generic-fold-able-backpack-bags-waterproof-for-travel-and-sports-1-pcs-21405691.html,https://eg.jumia.is/unsafe/fit-in/500x500/filters:fill(white)/product/19/650412/1.jpg?6739,"From cloth and polyester Fold-able bag Water repellent Suitable for sports, travel and study Versatile Size / 30 * 16 * 42 cm It contains 3 rooms Number / one bag   For more visit our store: Mody Store EG Marketplace",SKU: GE810FC0BP6CSNAFAMZ Model: MH-22019 Production Country: China Size (L x W x H cm): 30 * 16 * 42 cm Color: color may vary Main Material: fabric texture,3.2 out of 5 (114 verified ratings),(114 verified ratings),FALSE,FALSE,fashion
Stylish Women Captone Leather Sneaker - White,EGP 300.00 27%,EGP 300.00,27%,https://www.jumia.com.eg/generic-stylish-women-captone-leather-sneaker-white-30762124.html,https://eg.jumia.is/unsafe/fit-in/500x500/filters:fill(white)/product/42/126703/1.jpg?6989,Flexible Leather upper material Comes with secure lace-up closure Sturdy rubber outsole offers added comfort Soft footed ensures all-day comfort,"SKU: GE810FS0P2X67NAFAMZ Production Country: China, Egypt Color: White Main Material: Leather",4.3 out of 5 (19 verified ratings),(19 verified ratings),TRUE,FALSE,fashion
American Eagle AE Oversized Oxford Button-Up Shirt,EGP 495.00,"EGP 1,400.00",65%,https://www.jumia.com.eg/american-eagle-ae-oversized-oxford-button-up-shirt-26609659.html,https://eg.jumia.is/unsafe/fit-in/500x500/filters:fill(white)/product/95/690662/1.jpg?6793,This button up is made from soft Oxford cotton that you can dress up or down. Make it yours!,SKU: AM423MW1KYZDYNAFAMZ Production Country: Indonesia Color: BLUE Main Material: 100% COTTON,4.7 out of 5 (6 verified ratings),American Eagle,FALSE,FALSE,fashion
American Eagle AE Oversized Oxford Button-Up Shirt,EGP 495.00,"EGP 1,400.00",65%,https://www.jumia.com.eg/american-eagle-ae-oversized-oxford-button-up-shirt-26608953.html, , , , , ,FALSE,FALSE,fashion
Nileton Sportswear - Sport Leggings Pants With Pocket - Black,EGP 275.00 22%,EGP 275.00,22%,https://www.jumia.com.eg/nileton-sportswear-sport-leggings-pants-with-pocket-black-23770922.html,https://eg.jumia.is/unsafe/fit-in/500x500/filters:fill(white)/product/22/907732/1.jpg?4784,"True to size, take your usual size profile leg bands for stay-in-place comfort Slip on Made of the finest raw materials It has the ability to absorb sweat and prevent unpleasant odors Best-in-class wearing comfort is delivered with the high-quality fabric Ideal for regular use Sizes	36	38	40	42	44	46 S	M	L	XL	XXL	3XL Waist (cm)	68	72	76	80	86	92 Hip (cm)	94	98	102	106	112	118",SKU: NI597MW0DMZPWNAFAMZ Model: 1003 Production Country: Egypt Color: Black Main Material: 88% Polyester - 12 % Lycra,4.6 out of 5 (151 verified ratings),Nileton,FALSE,FALSE,fashion
American Eagle AE Oversized Denim Button-Up Shirt,EGP 495.00,"EGP 1,650.00",70%,https://www.jumia.com.eg/american-eagle-ae-oversized-denim-button-up-shirt-38514532.html, , , , , ,TRUE,FALSE,fashion
Glitter Women Summer Slippers - Beige,EGP 364.00 45%,EGP 364.00,45%,https://www.jumia.com.eg/glitter-women-summer-slippers-beige-39495435.html,https://eg.jumia.is/unsafe/fit-in/500x500/filters:fill(white)/product/53/459493/1.jpg?1390,Glitter Women Summer Slippers for everyday look,SKU: GL733FS0VTTLXNAFAMZ Model: 0467BEG Production Country: Egypt Color: Beige Main Material: canvas,4.3 out of 5 (3 verified ratings),Glitter,FALSE,FALSE,fashion
Women's Short Sleeve Cotton Printed T-Shirt,EGP 130.00 16%,EGP 130.00,16%,https://www.jumia.com.eg/generic-womens-short-sleeve-cotton-printed-t-shirt-40756490.html,https://eg.jumia.is/unsafe/fit-in/500x500/filters:fill(white)/product/09/465704/1.jpg?2897,women short sleeves printed t-shirt  made of high quality cotton round neck  cotton 100% trendy and beautiful designs high material of printing  size large from 40 kilo to 50 kilo size x-large from 50 kilo to 60 kilo  size 2x-large from 60 to 70 kilo  size 3x-large from 70 to 80 kilo  size 4x-large from 80 to 95 kilo  please check size chart in pictures there may be slight diffrence in graphic and color between image and product,SKU: GE810MW05MVS8NAFAMZ Production Country: Egypt Color: black Main Material: cotton Care Label: <ul><li>يفضل الغسيل اليدوى&nbsp;</li><li>يغسل بماء فاتر</li></ul> Shop Type: Jumia Mall,5 out of 5 (4 verified ratings),(4 verified ratings),FALSE,FALSE,fashion
Aerie The Happiest Textured Oversized Sweatshirt.,EGP 395.00,"EGP 1,600.00",75%,https://www.jumia.com.eg/aerie-the-happiest-textured-oversized-sweatshirt.-34391342.html,https://eg.jumia.is/unsafe/fit-in/500x500/filters:fill(white)/product/24/319343/1.jpg?2765,Got your booty covered (literally...) with the happiest sweatshirt around. Happiness is a big deal & so are these sweatshirts!,"SKU: AE164MW0EH8XBNAFAMZ Model: 129497212 Color: Paper Pink Main Material: 88% Cotton, 12% Polyester",4.8 out of 5 (5 verified ratings),Aerie,FALSE,FALSE,fashion
Mesery Bundle Of Six Solid Slip On Underwear,EGP 149.99,EGP 310.00,52%,https://www.jumia.com.eg/mesery-bundle-of-six-solid-slip-on-underwear-16546825.html,https://eg.jumia.is/unsafe/fit-in/500x500/filters:fill(white)/product/52/864561/1.jpg?4325,"This item cannot be exchanged or returned Colors, Patterns & Printings May Vary & May be Duplicate This item cannot be exchanged or returned True to size, take your usual size. Doesn't wrinkle under your clothes Moisture-wicking - keeps you cool and dry Low profile leg bands for stay-in-place comfort Machine wash Slip on Made of the finest raw materials It has the ability to absorb sweat and prevent unpleasant odors Solid Pattern Elastic Waist Best-in-class wearing comfort is delivered with high-quality fabric Ideal for daily use",SKU: CA792FA0VH2K1NAFAMZ Production Country: Egypt Color: May Vary Main Material: Cotton,4.4 out of 5 (1870 verified ratings),Mesery,FALSE,FALSE,fashion
ADIDAS Adilette Aqua Slides Women,EGP 475.00,EGP 949.00,50%,https://www.jumia.com.eg/adidas-adilette-aqua-slides-women-28955125.html,https://eg.jumia.is/unsafe/fit-in/500x500/filters:fill(white)/product/52/155982/1.jpg?4041,  Regular fit   Slip-on construction   Single-bandage synthetic upper   Synthetic outsole; Synthetic lining   Soft Cloudfoam footbed   Quick-drying materials  ,SKU: AD537FS0V1VTANAFAMZ Model: GZ5877 Color: Pink Main Material: SYNTHETICS Shop Type: Jumia Mall,3.8 out of 5 (5 verified ratings),ADIDAS,FALSE,FALSE,fashion
Desert Basic Lace-Up Knit Flat Sneakers For Women - Dark Grey,EGP 119.00,EGP 385.00,69%,https://www.jumia.com.eg/desert-basic-lace-up-knit-flat-sneakers-for-women-dark-grey-39494380.html,https://eg.jumia.is/unsafe/fit-in/500x500/filters:fill(white)/product/08/349493/1.jpg?3586,Material Features (EN) : Eyelets that provide a reliable and secure lace-up closure Stretchy textile upper that is made with consideration for the environment Lightweight PVC sole material Comfortable breathable textile linings   Size & Fit :  True to size European sizes LENGTH 8.8 in / 22.2 cm (size EU 36) LENGTH 9 in / 23 cm (size EU 37) LENGTH 9.375 in / 23.8 cm (size EU 38) LENGTH 9.75 in / 24.6 cm (size EU 39) LENGTH 10 in / 25.4 cm (size EU 40) LENGTH 10.35 in / 26.2 (size EU 41)  ,SKU: DE403FS04YYIDNAFAMZ Model: WC29 Production Country: Egypt Color: Dark Grey Main Material: Textile,4 out of 5 (3 verified ratings),Desert,FALSE,FALSE,fashion
Activ Printed Crew Neck Cotton Tee - Red,EGP 79.00,EGP 299.00,74%,https://www.jumia.com.eg/activ-printed-crew-neck-cotton-tee-red-27416526.html,https://eg.jumia.is/unsafe/fit-in/500x500/filters:fill(white)/product/62/561472/1.jpg?2142,Our Model Is wearing Size M 95% Cotton & 5% Lycra Material Regular fit Short Sleeves Printed pattern Crew Neck Slip On,SKU: AC452MW118WQONAFAMZ Model: APP/ACTIV/TSSS21-2470 Color: Red Main Material: Cotton,5 out of 5 (5 verified ratings),Activ,FALSE,FALSE,fashion
Glitter Women Summer Slippers - Beige,EGP 328.00 45%,EGP 328.00,45%,https://www.jumia.com.eg/glitter-women-summer-slippers-beige-39495457.html,https://eg.jumia.is/unsafe/fit-in/500x500/filters:fill(white)/product/75/459493/1.jpg?1389,Glitter Women Summer Slippers for everyday look,SKU: GL733FS18XCX1NAFAMZ Model: 0461BEG Production Country: Egypt Color: Beige Main Material: canvas,4.5 out of 5 (2 verified ratings),Glitter,FALSE,FALSE,fashion
Women's Short Sleeve Cotton Printed T-Shirt,EGP 130.00 16%,EGP 130.00,16%,https://www.jumia.com.eg/generic-womens-short-sleeve-cotton-printed-t-shirt-40756482.html,https://eg.jumia.is/unsafe/fit-in/500x500/filters:fill(white)/product/28/465704/1.jpg?3565,women short sleeves printed t-shirt  made of high quality cotton round neck  cotton 100% trendy and beautiful designs high material of printing  size large from 40 kilo to 50 kilo size x-large from 50 kilo to 60 kilo  size 2x-large from 60 to 70 kilo  size 3x-large from 70 to 80 kilo  size 4x-large from 80 to 95 kilo  please check size chart in pictures there may be slight diffrence in graphic and color between image and product,SKU: GE810MW0GY4A0NAFAMZ Production Country: Egypt Color: white Main Material: cotton Care Label: <ul><li>يفضل الغسيل اليدوى&nbsp;</li><li>يغسل بماء فاتر</li></ul> Shop Type: Jumia Mall,4.7 out of 5 (3 verified ratings),(3 verified ratings),FALSE,FALSE,fashion
American Eagle AE CORE OVERSIZED SHIRT SIDE SLIT,EGP 495.00,"EGP 1,400.00",65%,https://www.jumia.com.eg/american-eagle-ae-core-oversized-shirt-side-slit-26609665.html,https://eg.jumia.is/unsafe/fit-in/500x500/filters:fill(white)/product/56/690662/1.jpg?6883,AE CORE OVERSIZED SHIRT SIDE SLIT,SKU: AM423MW0XR2SMNAFAMZ Production Country: Vietnam Color: OLIVE Main Material: 100% COTTON,5 out of 5 (1 verified rating),American Eagle,FALSE,FALSE,fashion
American Eagle Oversized Oxford Button-Up Shirt,EGP 495.00,"EGP 1,400.00",65%,https://www.jumia.com.eg/american-eagle-oversized-oxford-button-up-shirt-34391367.html,https://eg.jumia.is/unsafe/fit-in/500x500/filters:fill(white)/product/76/319343/1.jpg?4912,This button up is made from soft Oxford cotton that you can dress up or down. Make it yours!,SKU: AM423MW19FSDRNAFAMZ Model: 129506844 Color: Tan Main Material: 100% Cotton,0 out of 5 (No ratings available),American Eagle,FALSE,FALSE,fashion
Izor Tie Dye V-Neck Short Sleeves Pajama Set - Black & Light Beige,EGP 239.00,EGP 899.00,73%,https://www.jumia.com.eg/izor-tie-dye-v-neck-short-sleeves-pajama-set-black-light-beige-40107088.html,https://eg.jumia.is/unsafe/fit-in/500x500/filters:fill(white)/product/88/070104/1.jpg?4485,Our Model Is wearing Size M Cotton Material Regular fit Short Sleeves Tie Dye Pattern V-Neck Slip On Shirt & Pants,SKU: IZ873SL1GFNBSNAFAMZ Model: SE23 Color: Multicolour Main Material: Cotton,4.9 out of 5 (11 verified ratings),Izor,FALSE,FALSE,fashion
Casual Solid Voile Blouse - Orange,4.4 out of 5 (56), , ,https://www.jumia.com.eg/generic-casual-solid-voile-blouse-orange-16832494.html,https://eg.jumia.is/unsafe/fit-in/500x500/filters:fill(white)/product/49/423861/1.jpg?6566,Our blouse is very comfy & practical.Dont hesitate to buy online & add to your wardrobe.,SKU: GE810MW0TFBP1NAFAMZ Model: 128 Production Country: Egypt Color: Orange Main Material: Voile,4.4 out of 5 (56 verified ratings),(56 verified ratings),FALSE,FALSE,fashion
Aerie Satin Sleep Shirt,EGP 295.00,"EGP 1,050.00",72%,https://www.jumia.com.eg/aerie-satin-sleep-shirt-34368371.html,https://eg.jumia.is/unsafe/fit-in/500x500/filters:fill(white)/product/17/386343/1.jpg?0230,Keep it co-ZZZ-y while you dream.,SKU: AE164MW0ACNDZNAFAMZ Model: 129537722 Color: Pink Tropics Main Material: 100% Rayon (viscose),0 out of 5 (No ratings available),Aerie,FALSE,FALSE,fashion
Luanda Front Logo Slide Slippers For Women - Light Pink,EGP 145.00 41%,EGP 145.00,41%,https://www.jumia.com.eg/onda-luanda-front-logo-slide-slippers-for-women-light-pink-19587675.html,https://eg.jumia.is/unsafe/fit-in/500x500/filters:fill(white)/product/57/678591/1.jpg?2313,Brand : Onda Color: Pink Material:EVA & PVC Size:38/39/40 EU Style: Slide Slipper  ,SKU: ON210FS0YC933NAFAMZ Production Country: Egypt Color: pink Main Material: eva,4.5 out of 5 (212 verified ratings),(212 verified ratings),FALSE,FALSE,fashion
Mesery Bundle OF Six Brief Smooth Cotton Hipster Panties.,EGP 159.99,EGP 499.00,68%,https://www.jumia.com.eg/mesery-bundle-of-six-brief-smooth-cotton-hipster-panties.-21339174.html,https://eg.jumia.is/unsafe/fit-in/500x500/filters:fill(white)/product/47/193312/1.jpg?2191,"This item cannot be exchanged or returned  True to size, take your usual size. It Doesn’t shrink or stretch out Doesn’t wrinkle under your clothes Moisture wicking - keeps you cool and dry Low profile leg bands for stay-in-place comfort Machine Wash Slip on Made of the finest raw materials It has the ability to absorb sweat and prevent unpleasant odors Best-in-class wearing comfort is delivered with the high-quality fabric Ideal for regular use This item cannot be exchanged or returned Colors, Patterns & Printings may vary",SKU: ME773FA0S3ILCNAFAMZ Production Country: Egypt Color: May Vary Main Material: Cotton,4.3 out of 5 (943 verified ratings),Mesery,FALSE,FALSE,fashion
Seoul Slide Slippers For Women - Pink,EGP 145.00 41%,EGP 145.00,41%,https://www.jumia.com.eg/onda-seoul-slide-slippers-for-women-pink-24955085.html,https://eg.jumia.is/unsafe/fit-in/500x500/filters:fill(white)/product/58/055942/1.jpg?6630,Brand : Onda Color: Pink Material:EVA & PVC Size:37/38/39/40 EU Style: Slide Slipper  ,SKU: ON210FS0YKC92NAFAMZ Production Country: Egypt Color: pink Main Material: eva,4.4 out of 5 (83 verified ratings),(83 verified ratings),FALSE,FALSE,fashion
Mesery Bundle OF (4) Cotton Panties,EGP 99.99,EGP 399.00,75%,https://www.jumia.com.eg/mesery-bundle-of-4-cotton-panties-22791359.html,https://eg.jumia.is/unsafe/fit-in/500x500/filters:fill(white)/product/95/319722/1.jpg?9971,"This item cannot be exchanged or returned  True to size, take your usual size. It Doesn’t shrink or stretch out Doesn’t wrinkle under your clothes Moisture wicking - keeps you cool and dry Low profile leg bands for stay-in-place comfort Machine Wash Slip on Made of the finest raw materials It has the ability to absorb sweat and prevent unpleasant odors Best-in-class wearing comfort is delivered with the high-quality fabric Ideal for regular use This item cannot be exchanged or returned Colors, Patterns & Printings may vary",SKU: ME773FA1KR162NAFAMZ Production Country: Egypt Color: May Vary Main Material: Cotton,3.9 out of 5 (471 verified ratings),Mesery,TRUE,FALSE,fashion
Aerie Real Sunnie Full Coverage Lightly Lined Bra - Strand,EGP 245.00,"EGP 1,100.00",78%,https://www.jumia.com.eg/aerie-real-sunnie-full-coverage-lightly-lined-bra-strand-21170614.html,https://eg.jumia.is/unsafe/fit-in/500x500/filters:fill(white)/product/41/607112/1.jpg?8369,Material: 64% Nylon 36% Elastane Gender: Women Item DescriptionAerie Real Sunnie Full Coverage Lightly Lined Bra Color: Strand,SKU: AM423SL0ORS94NAFAMZ Production Country: Cambodia Color: Beige Main Material: 64% Nylon 36% Elastane,4 out of 5 (7 verified ratings),Aerie,FALSE,FALSE,fashion
"Silicone Cushioned Syrup For Cracked Feet For Whitening Feet And Moisturizing Heels. ,(Color May Vary)",EGP 214.00 30%,EGP 214.00,30%,https://www.jumia.com.eg/generic-silicone-cushioned-syrup-for-cracked-feet-for-whitening-feet-and-moisturizing-heels.-color-may-vary-22604891.html,https://eg.jumia.is/unsafe/fit-in/500x500/filters:fill(white)/product/19/840622/1.jpg?2507,"Spa Moisturizing Silicone Gel socks can handle this problem! These socks help to remove calluses by moisturizing and soothing rough, cracked feet. They also whiten skin, increase skin flexibility, and make your feet look healthier. You will not repair treatment your heels one time. But with regular, continued use, even the most difficult skin will become natural and healthy look, nourish the smooth, and increase flexibility. 3-5 times per week at least 30 minutes one time. Wash your feet in warm water. Wait until your skin has dried. Repairing calloused area , then dry your skin. Apply any cream to your feet. Cover yourfeet with Spa Moisturizing Silicone Gel socks. Hand wash only using water  Do not bleach or dry clean. Neutral wash is preferred Keep out of direct sunlight. Do not remove the gel from inside the socks. Do not dry in dryer.",SKU: GE810MW0BT94ENAFAMZ Production Country: China Color: color may vary Main Material: Silicon,4.3 out of 5 (52 verified ratings),(52 verified ratings),FALSE,FALSE,fashion
Malika Bundle OF Six Printed Underwear - For Women,EGP 289.00 55%,EGP 289.00,55%,https://www.jumia.com.eg/bundle-of-six-printed-underwear-for-women-malika-mpg836203.html,https://eg.jumia.is/unsafe/fit-in/500x500/filters:fill(white)/product/31/581112/1.jpg?0498,"True to size, take your usual size. To be accurate note the table of sizes!  It Doesn’t shrink or stretch out Doesn’t wrinkle under your clothes Moisture wicking - keeps you cool and dry Non Binding plush waistband Low profile leg bands for stay-in-place comfort Machine Wash Slip on Made of the finest raw materials It has the ability to absorb sweat and prevent unpleasant odors Best-in-class wearing comfort is delivered with the high-quality fabric Resists abrasion and retains its new-like appearance for seasons to come Ideal for regular use Colors, Patterns & Printings May Vary & May be Duplicate",SKU: CO062SL0ISW54NAFAMZ Model: 15000-May vary Color: May vary Main Material: cotton,4.2 out of 5 (1224 verified ratings),Malika,FALSE,FALSE,fashion
Andora Striped Patterned Button Down Shirt - Fuchsia & White,EGP 212.00,EGP 374.00,43%,https://www.jumia.com.eg/andora-striped-patterned-button-down-shirt-fuchsia-white-40161277.html,https://eg.jumia.is/unsafe/fit-in/500x500/filters:fill(white)/product/77/216104/1.jpg?1069,Our Model Is wearing Size M Cotton Material Regular fit Long Sleeves Striped pattern Turn down collar Button down closure,SKU: AN141MW19Z0BSNAFAMZ Model: 6221273227848 Main Material: Cotton,4.9 out of 5 (8 verified ratings),Andora,TRUE,FALSE,fashion
Fashion Open Front Drop Shoulder Tassel Hem Kimono,EGP 299.00 40%,EGP 299.00,40%,https://www.jumia.com.eg/fashion-open-front-drop-shoulder-tassel-hem-kimono-26305980.html,https://eg.jumia.is/unsafe/fit-in/500x500/filters:fill(white)/product/08/950362/1.jpg?1367,MODEL: CHINA Brand : CHINA Targeted Group : Women Occasion : Casual Type :  Kimono swimsuit MODEL: CHINA Brand : CHINA Targeted Group : Women Occasion : Casual Type : kimono swimsuit,SKU: BR968SL05BU56NAFAMZ Color: Black Main Material: Mix,4.4 out of 5 (91 verified ratings),Fashion,FALSE,FALSE,fashion
Menta By Coctail Short Chiffon Jacquard Belt Dress-black,EGP 370.00 59%,EGP 370.00,59%,https://www.jumia.com.eg/menta-by-coctail-short-chiffon-jacquard-belt-dress-black-26894117.html,https://eg.jumia.is/unsafe/fit-in/500x500/filters:fill(white)/product/71/149862/1.jpg?7725,Our Model Is wearing Size M   Regular fit Long Sleeves Floral pattern Lace Up V-Neck Lace Up Closure,SKU: ME455MW16CZL2NAFAMZ Model: 4493 Production Country: Egypt Color: black Main Material: chiffon,4.7 out of 5 (6 verified ratings),Menta By Coctail,TRUE,FALSE,fashion
Women's Slipper - Multi Colors,EGP 250.00 34%,EGP 250.00,34%,https://www.jumia.com.eg/generic-womens-slipper-multi-colors-22305991.html,https://eg.jumia.is/unsafe/fit-in/500x500/filters:fill(white)/product/19/950322/1.jpg?6045,Round toecap shape Slip On,SKU: GE810FS0BVLRMNAFAMZ Model: Par-6 Production Country: Egypt Color: White-Pink Main Material: Rubber Care Label: يمكنك استخدامه بمجرد الاستلام بدون اي تعقيدات,3.7 out of 5 (3 verified ratings),(3 verified ratings),FALSE,FALSE,fashion
SHEIN Tropical Print Push Up Swim Dress With Bikini Bottom-5916,EGP 899.00 44%,EGP 899.00,44%,https://www.jumia.com.eg/shein-tropical-print-push-up-swim-dress-with-bikini-bottom-5916-41370251.html,https://eg.jumia.is/unsafe/fit-in/500x500/filters:fill(white)/product/15/207314/1.jpg?3633,MODEL: SHEIN Brand : SHEIN Targeted Group : Women Occasion : summer SHEIN Type : Swimsuit  MODEL: SHEIN Brand : SHEIN Targeted Group : Women Occasion : summer SHEIN Type : Swimsuit ,SKU: SH574MW091Y1ENAFAMZ Color: Multicolour Main Material: Mix,0 out of 5 (No ratings available),SHEIN,FALSE,FALSE,fashion
Women's Pajamas.Summer2023-Big Size,EGP 550.00 46%,EGP 550.00,46%,https://www.jumia.com.eg/generic-womens-pajamas.summer2023-big-size-43181066.html,https://eg.jumia.is/unsafe/fit-in/500x500/filters:fill(white)/product/66/018134/1.jpg?8914,"Soft and comfortable, the material is stretchy, lightweight and very gentle on the skin This unique pajamis flaunts your beautiful curves Practical and distinguished by its elegant single model big size 100 kg",SKU: GE810SL13AZX2NAFAMZ Production Country: Egypt Color: Multicolour Main Material: Lycra CottonCotton Care Label: يغسل بماء بارد ولا تستخدم أي مواد مبيضة في غسله&nbsp;,0 out of 5 (No ratings available),(No ratings available),FALSE,FALSE,fashion
Caesar WomenPrinted Isdal Prayer Multi Pattern,EGP 123.00 - EGP 135.00,EGP 410.00,70%,https://www.jumia.com.eg/caesar-womenprinted-isdal-prayer-multi-pattern-38515847.html,https://eg.jumia.is/unsafe/fit-in/500x500/filters:fill(white)/product/74/851583/1.jpg?4451,Our Model Is wearing Sizexl Cotton Material long sleeves  hijab   Printed pattern,SKU: BR241SL18KBUNNAFAMZ Model: 11070 Production Country: Egypt Color: Multicolour Main Material: Cotton,3.5 out of 5 (2 verified ratings),Caesar,TRUE,FALSE,fashion
Cotton Pajama - Big Size, , , ,https://www.jumia.com.eg/generic-cotton-pajama-big-size-26907208.html?seller_product=1,https://eg.jumia.is/unsafe/fit-in/500x500/filters:fill(white)/product/80/270962/1.jpg?4819,cotton pajama  2 pieces  blue &white  one size ,SKU: GE810SL1BSHGYNAFAMZ Production Country: Egypt Color: Multicolour Main Material: Cotton Care Label: يغسل بماء بارد ولا تستخدم أي مواد مبيضة في غسله&nbsp;,0 out of 5 (No ratings available),(No ratings available),FALSE,FALSE,fashion
Zecotex Summer Pajama Set 3082,EGP 380.00 16%,EGP 380.00,16%,https://www.jumia.com.eg/zecotex-summer-pajama-set-3082-21431637.html,https://eg.jumia.is/unsafe/fit-in/500x500/filters:fill(white)/product/73/613412/1.jpg?2571,100% cotton material full lycra,SKU: BR008SL17TSH0NAFAMZ Model: 3082 Production Country: Egypt Color: grey Main Material: 100% cotton,5 out of 5 (3 verified ratings),Zecotex,FALSE,FALSE,fashion
American Eagle AE Super Soft Graphic T-Shirt,EGP 345.00,EGP 750.00,54%,https://www.jumia.com.eg/american-eagle-ae-super-soft-graphic-t-shirt-26619521.html,https://eg.jumia.is/unsafe/fit-in/500x500/filters:fill(white)/product/12/591662/1.jpg?8786,Elevate your t-shirt game with stylish graphics and suuuper soft cotton.,SKU: AM423MW07HVSENAFAMZ Production Country: Cambodia Color: DARK GRAPHITE Main Material: 100% COTTON,4.9 out of 5 (20 verified ratings),https://www.jumia.com.eg/american-eagle/,FALSE,FALSE,fashion
American Eagle Polo Shirt,EGP 415.00,EGP 750.00,45%,https://www.jumia.com.eg/american-eagle-polo-shirt-21422926.html,https://eg.jumia.is/unsafe/fit-in/500x500/filters:fill(white)/product/62/922412/1.jpg?1675,Material: 97% Cotton 3% Elastane Item Description : Polo Shirt - White Color: White Gender: Men,SKU: AM423MW11GN8SNAFAMZ Model: U-1165-9148-100 1000 Production Country: Vietnam Color: White Main Material: 97% Cotton 3% Elastane,4.6 out of 5 (123 verified ratings),https://www.jumia.com.eg/american-eagle/,FALSE,FALSE,fashion
Dice Bundle Of Five Men Boxers,EGP 200.00,EGP 399.00 - EGP 499.00,60%,https://www.jumia.com.eg/dice-bundle-of-five-men-boxers-14157237.html,https://eg.jumia.is/unsafe/fit-in/500x500/filters:fill(white)/product/73/275141/1.jpg?4349,"This item cannot be exchanged or returned Colors, Patterns & Printings May Vary & May be Duplicate This item cannot be exchanged or returned True to size, take your usual size. It Doesn’t shrink or stretch out Doesnt wrinkle under your clothes Moisture-wicking - keeps you cool and dry Low profile leg bands for stay-in-place comfort Machine wash Slip on Made of the finest raw materials It has the ability to absorb sweat and prevent unpleasant odors Best-in-class wearing comfort is delivered with high-quality fabric Ideal for regular use",SKU: DI195FA17MJGLNAFAMZ Production Country: Egypt Color: May vary Main Material: Cotton,4.3 out of 5 (286 verified ratings),https://www.jumia.com.eg/dice/,FALSE,FALSE,fashion
ADIDAS Essentials Embroidered Linear Logo T-Shirt Men,EGP 400.00,EGP 799.00,50%,https://www.jumia.com.eg/adidas-essentials-embroidered-linear-logo-t-shirt-men-28955242.html,https://eg.jumia.is/unsafe/fit-in/500x500/filters:fill(white)/product/24/255982/1.jpg?4983,"  Regular fit   Crewneck   70% cotton, 30% recycled cotton single jersey   Short sleeves   Embroidered adidas Badge of Sport  ",SKU: AD537MW0EFW1ANAFAMZ Model: GL0058 Color: white Main Material: 70% Cotton/30% REC.CO Shop Type: Jumia Mall,5 out of 5 (2 verified ratings),https://www.jumia.com.eg/adidas/,FALSE,FALSE,fashion
Activ Two Stripped Casual White Shoes - Navy Blue & White,EGP 349.00,EGP 449.00,22%,https://www.jumia.com.eg/activ-two-stripped-casual-white-shoes-navy-blue-white-34918104.html,https://eg.jumia.is/unsafe/fit-in/500x500/filters:fill(white)/product/40/181943/1.jpg?4048,Leather Upper Material Textile inner material Hard Rubber Sole Round toecap shape Lace Up Closure,SKU: AC452FS0NX8L3NAFAMZ Model: FOO/ACTIVN/PORT20227858 Production Country: China Color: Multicolour Main Material: Leather,4.7 out of 5 (17 verified ratings),https://www.jumia.com.eg/activ/,FALSE,FALSE,fashion
Dice 100% Cotton Three Sleeveless Solid Men T-shirt -White,EGP 139.99,EGP 350.00,60%,https://www.jumia.com.eg/dice-100-cotton-three-sleeveless-solid-men-t-shirt-white-6946001.html,https://eg.jumia.is/unsafe/fit-in/500x500/filters:fill(white)/product/10/06496/1.jpg?8908,This item cannot be exchanged or returned Our Model is wearing Size S 100% Cotton Material Solid Material Regular Fit,"SKU: DI195FA05ZQ68NAFAMZ Production Country: Egypt Color: White Main Material: Cotton Care Label: Hand Wash , Low Iron",4 out of 5 (997 verified ratings),https://www.jumia.com.eg/dice/,FALSE,FALSE,fashion
American Eagle AE Super Soft Elevated Graphic T-Shirt,EGP 345.00,EGP 750.00,54%,https://www.jumia.com.eg/american-eagle-ae-super-soft-elevated-graphic-t-shirt-26623198.html,https://eg.jumia.is/unsafe/fit-in/500x500/filters:fill(white)/product/89/132662/1.jpg?4747,Graphics you have to feel to believe!,SKU: AM423MW1H2F7ANAFAMZ Production Country: Jordan Color: WHITE Main Material: 100% COTTON,5 out of 5 (16 verified ratings),https://www.jumia.com.eg/american-eagle/,FALSE,FALSE,fashion
ADIDAS Adilette Aqua Slides Unisex,EGP 550.00,"EGP 1,099.00",50%,https://www.jumia.com.eg/adidas-adilette-aqua-slides-unisex-28955157.html,https://eg.jumia.is/unsafe/fit-in/500x500/filters:fill(white)/product/75/155982/1.jpg?4027,  Regular fit   Slip-on construction   One-piece moulded EVA upper   EVA outsole   Soft Cloudfoam footbed   Lightweight feel; Quick-drying material  ,SKU: AD537FS18QUQ6NAFAMZ Model: F35542 Color: dark blue Main Material: SYNTHETICS Shop Type: Jumia Mall,4 out of 5 (35 verified ratings),https://www.jumia.com.eg/adidas/,FALSE,FALSE,fashion
Cottonil Bundle Of Three Breathable Cotton Undershirts - White,EGP 169.00,EGP 299.00,43%,https://www.jumia.com.eg/cottonil-bundle-of-three-breathable-cotton-undershirts-white-4989560.html,https://eg.jumia.is/unsafe/fit-in/500x500/filters:fill(white)/product/06/59894/1.jpg?9879,"This item cannot be exchanged or returned This item cannot be exchanged or returned Doesn’t wrinkle under your clothes Machine Wash Made of cotton material Comes in quick dry effect Breathable, quick-drying & odor-inhibiting Soft and gentle on the skin Ideal for daily use Slip on Sleeveless Round Neck",SKU: CO251FA03XFRWNAFAMZ Production Country: Egypt Color: White Main Material: Cotton,4.3 out of 5 (2361 verified ratings),https://www.jumia.com.eg/cottonil/,FALSE,FALSE,fashion
American Eagle AE Elevated Graphic Tee,EGP 345.00,EGP 750.00,54%,https://www.jumia.com.eg/american-eagle-ae-elevated-graphic-tee-26619474.html,https://eg.jumia.is/unsafe/fit-in/500x500/filters:fill(white)/product/47/491662/1.jpg?8127,A new dimension of graphic tee. You've got to feel it to believe it!,SKU: AM423MW0S9WSUNAFAMZ Production Country: Pakistan Color: BLACK Main Material: 100% COTTON,5 out of 5 (8 verified ratings),https://www.jumia.com.eg/american-eagle/,FALSE,FALSE,fashion
Activ Double Black Stitched Striped White Sneakers,EGP 349.00,EGP 449.00,22%,https://www.jumia.com.eg/activ-double-black-stitched-striped-white-sneakers-34918080.html,https://eg.jumia.is/unsafe/fit-in/500x500/filters:fill(white)/product/08/081943/1.jpg?4052,Leather Upper Material Textile Inner Material Hard Rubber Sole Round Toecap Shape Lace Closure,SKU: AC452FS04T82FNAFAMZ Model: FOO/ACTIVN/PORT20227854 Production Country: China Color: Multicolour Main Material: Leather,4.9 out of 5 (8 verified ratings),https://www.jumia.com.eg/activ/,FALSE,FALSE,fashion
ADIDAS Essentials Embroidered Linear Logo T-Shirt Men,EGP 400.00,EGP 799.00,50%,https://www.jumia.com.eg/adidas-essentials-embroidered-linear-logo-t-shirt-men-28955244.html,https://eg.jumia.is/unsafe/fit-in/500x500/filters:fill(white)/product/44/255982/1.jpg?4983,"  Regular fit   Crewneck   70% cotton, 30% recycled cotton single jersey   Short sleeves   Embroidered adidas Badge of Sport  ",SKU: AD537MW0QCK4UNAFAMZ Model: GL0060 Color: GREY Main Material: 70% Cotton/30% REC.CO Shop Type: Jumia Mall,4.4 out of 5 (7 verified ratings),https://www.jumia.com.eg/adidas/,FALSE,FALSE,fashion
ADIDAS Essentials Embroidered Linear Logo T-Shirt Men,EGP 400.00,EGP 799.00,50%,https://www.jumia.com.eg/adidas-essentials-embroidered-linear-logo-t-shirt-men-28955245.html,https://eg.jumia.is/unsafe/fit-in/500x500/filters:fill(white)/product/54/255982/1.jpg?4983,"  Regular fit   Crewneck   70% cotton, 30% recycled cotton single jersey   Short sleeves   Embroidered adidas Badge of Sport  ",SKU: AD537MW0WAW6MNAFAMZ Model: GL0062 Color: BLUE Main Material: 70% Cotton/30% REC.CO Shop Type: Jumia Mall,5 out of 5 (5 verified ratings),https://www.jumia.com.eg/adidas/,FALSE,FALSE,fashion
Bundle Of (12) Invisible Socks - For Men,EGP 249.00 72%,EGP 249.00,72%,https://www.jumia.com.eg/generic-bundle-of-12-invisible-socks-for-men-21455048.html,https://eg.jumia.is/unsafe/fit-in/500x500/filters:fill(white)/product/84/055412/1.jpg?8747,"High quality industrial materials Flexible and comfortable with the same cotton feel Nice colors, it may differ slightly from the picture The product cannot be returned or exchanged to protect personal hygiene    This item is non-returnable and non refundable",SKU: GE810MW1E1LKKNAFAMZ Production Country: Egypt Size (L x W x H cm): 0 Color: colors may vary Main Material: MIX,3.9 out of 5 (214 verified ratings),https://www.jumia.com.eg/catalog/productratingsreviews/sku/GE810MW1E1LKKNAFAMZ/,FALSE,FALSE,fashion
American Eagle AE Slim Fit Pique Polo Shirt,EGP 425.00,EGP 750.00,43%,https://www.jumia.com.eg/american-eagle-ae-slim-fit-pique-polo-shirt-38514853.html,https://eg.jumia.is/unsafe/fit-in/500x500/filters:fill(white)/product/35/841583/1.jpg?9769,Slim fit style that keeps you looking and feeling cool. Tipped for a touch of extra detail.,"SKU: AM423MW0LC7JJNAFAMZ Model: 129987216 Color: LIGHT PINK Main Material: 97% Cotton, 3% Elastane",0 out of 5 (No ratings available),https://www.jumia.com.eg/american-eagle/,FALSE,FALSE,fashion
American Eagle Polo Shirt,EGP 415.00,EGP 750.00,45%,https://www.jumia.com.eg/american-eagle-polo-shirt-21422884.html,https://eg.jumia.is/unsafe/fit-in/500x500/filters:fill(white)/product/48/822412/1.jpg?5117,Material: 97% Cotton 3% Elastane Item Description : Polo Shirt - Black Color: Black Gender: Men,SKU: AM423MW0T2FM4NAFAMZ Model: U-1165-9148-001 1000 Production Country: Vietnam Color: Black Main Material: 97% Cotton 3% Elastane,4.5 out of 5 (128 verified ratings),https://www.jumia.com.eg/american-eagle/,TRUE,FALSE,fashion
Dice Bundle Of Solid Five Boxers,EGP 200.00,EGP 399.00,50%,https://www.jumia.com.eg/dice-bundle-of-solid-five-boxers-13265056.html,https://eg.jumia.is/unsafe/fit-in/500x500/filters:fill(white)/product/65/056231/1.jpg?8851,"This item cannot be exchanged or returned Colors, May be Duplicate This item cannot be exchanged or returned It Doesn’t shrink or stretch out Low profile leg bands for stay-in-place comfort Machine wash Slip on Elastic Waist Solid Pattern Regular Fit Made of the finest raw materials It has the ability to absorb sweat and prevent unpleasant odors Ideal for daily use",SKU: DI195FA12QDPJNAFAMZ Production Country: Egypt Color: May vary Main Material: Cotton,4.4 out of 5 (496 verified ratings),https://www.jumia.com.eg/dice/,FALSE,FALSE,fashion
Diadora RB10 MARCH R TF Synthetic Turf Football Shoes Men - White,"EGP 1,290.00 61%","EGP 1,290.00",61%,https://www.jumia.com.eg/diadora-rb10-march-r-tf-synthetic-turf-football-shoes-men-white-38453912.html,https://eg.jumia.is/unsafe/fit-in/500x500/filters:fill(white)/product/21/935483/1.jpg?3587, Rod “Touch & Feel” Suprell Water Resistant. Lining in anti-stretch fabric and rear lining in non-slip PU. Sockliner with flex points in the forefoot area  Sockliner Synthetic fabric and shockproof expanded EVA  Sole Anti-abrasion rubber  Area synthetic field,SKU: DI391FS0D25IZNAFAMZ Model: 174858-C3518 Production Country: China Color: White Main Material: Synthitec,4.3 out of 5 (13 verified ratings),https://www.jumia.com.eg/diadora/,FALSE,FALSE,fashion
American Eagle AE Super Soft Graphic T-Shirt,EGP 345.00,EGP 750.00,54%,https://www.jumia.com.eg/american-eagle-ae-super-soft-graphic-t-shirt-26619481.html,https://eg.jumia.is/unsafe/fit-in/500x500/filters:fill(white)/product/18/491662/1.jpg?8787,Elevate your t-shirt game with stylish graphics and suuuper soft cotton.,SKU: AM423MW0B0C9ANAFAMZ Production Country: Cambodia Color: NAVY Main Material: 100% COTTON,4.9 out of 5 (27 verified ratings),https://www.jumia.com.eg/american-eagle/,FALSE,FALSE,fashion
American Eagle Slim Flex Polo Shirt,EGP 375.00,EGP 750.00,50%,https://www.jumia.com.eg/american-eagle-slim-flex-polo-shirt-21423154.html,https://eg.jumia.is/unsafe/fit-in/500x500/filters:fill(white)/product/45/132412/1.jpg?0891,Material: 97% Cotton 3% Elastane Item Description : Slim Flex Polo Shirt - White Color: White Gender: Men,SKU: AM423MW0QVCE4NAFAMZ Model: U-1165-9146-100 1000 Production Country: India Color: White Main Material: 97% Cotton 3% Elastane,4.7 out of 5 (286 verified ratings),https://www.jumia.com.eg/american-eagle/,TRUE,FALSE,fashion
Cottonil Bundle Of Three Men Undershirts Derby,EGP 179.00,EGP 259.00,31%,https://www.jumia.com.eg/cottonil-bundle-of-three-men-undershirts-derby-16402193.html,https://eg.jumia.is/unsafe/fit-in/500x500/filters:fill(white)/product/39/120461/1.jpg?8573,"This item cannot be exchanged or returned Colors, Patterns & Printings May Vary This item cannot be exchanged or returned True to size, take your usual size. It Doesn’t shrink or stretch out Doesn’t wrinkle under your clothes Moisture-wicking - keeps you cool and dry Low profile leg bands for stay-in-place comfort Machine Wash Slip-on Made of the finest raw materials It has the ability to absorb sweat and prevent unpleasant odors Best-in-class wearing comfort is delivered with high-quality fabric Ideal for regular use",SKU: CO251FA0NAHJHNAFAMZ Production Country: Egypt Color: May vary Main Material: Cotton,4.1 out of 5 (1380 verified ratings),https://www.jumia.com.eg/cottonil/,FALSE,FALSE,fashion
AM-Shop Bundle OF (4) Socks,EGP 199.00 85%,EGP 199.00,85%,https://www.jumia.com.eg/am-shop-bundle-of-4-socks-19933857.html,https://eg.jumia.is/unsafe/fit-in/500x500/filters:fill(white)/product/75/833991/1.jpg?9265,"High quality industrial materials Flexible and comfortable with the same cotton feel Nice colors, it may differ slightly from the picture The product cannot be returned or exchanged to protect personal hygiene    This item is non-returnable and non refundable  ",SKU: GE810FA195DVRNAFAMZ Model: 1 Production Country: Egypt Color: May vary Main Material: Cotton,3.3 out of 5 (1635 verified ratings),https://www.jumia.com.eg/brand-am-shop/,TRUE,FALSE,fashion
Slippers Black And White Lines For Men - Comfortable Leather -,EGP 199.00 65%,EGP 199.00,65%,https://www.jumia.com.eg/generic-slippers-black-and-white-lines-for-men-comfortable-leather-27456716.html,https://eg.jumia.is/unsafe/fit-in/500x500/filters:fill(white)/product/61/765472/1.jpg?9604,Will makes your foot all day walking comfort Very Comfort Light weight slipper Imported materials Men Wear ,SKU: GE810FS10RUJKNAFAMZ Model: black & white men slippers Production Country: Egypt Color: black and white Main Material: Rubber,3.5 out of 5 (23 verified ratings),https://www.jumia.com.eg/catalog/productratingsreviews/sku/GE810FS10RUJKNAFAMZ/,FALSE,FALSE,fashion
Desert Basic Lace-Up Faux Leather Fashion Sneaker For Men White,EGP 199.00,EGP 575.00,65%,https://www.jumia.com.eg/desert-basic-lace-up-faux-leather-fashion-sneaker-for-men-white-38465947.html,https://eg.jumia.is/unsafe/fit-in/500x500/filters:fill(white)/product/74/956483/1.jpg?9747,Material Features (EN) :  Eyelets that provide a reliable and secure lace-up closure Durable and lightweight upper that is made of faux leather Flexible PVC sole material for a comfortable fit Flexible and soft leather lining for a snug fit Minimalist shoe style with minimal embellishments Size & Fit : True to size European sizes LENGTH 9.9 in / 25.2 cm (size EU 41) LENGTH 10.25 in / 26 cm (size EU 42) LENGTH 10.6 in / 26.8 cm (size EU 43) LENGTH 10.9 in / 27.8 cm (size EU 44) LENGTH 11.25 in/ 28.6cm (size EU 45) LENGTH 11.6 in / 29.4 cm (size EU 46),SKU: DE403FS18MKSJNAFAMZ Model: HL- M X23 Production Country: Egypt Color: White Main Material: Faux leather,4.3 out of 5 (13 verified ratings),https://www.jumia.com.eg/desert/,FALSE,FALSE,fashion
ADIDAS Essentials Embroidered Linear Logo T-Shirt Men,EGP 400.00,EGP 799.00,50%,https://www.jumia.com.eg/adidas-essentials-embroidered-linear-logo-t-shirt-men-28783721.html,https://eg.jumia.is/unsafe/fit-in/500x500/filters:fill(white)/product/12/738782/1.jpg?4984,"  Regular fit   Crewneck   70% cotton, 30% recycled cotton single jersey   Short sleeves   Embroidered adidas Badge of Sport  ",SKU: AD537MW07L1B2NAFAMZ Model: GL0061 Color: Red Main Material: 100% rec polyester Shop Type: Jumia Mall,5 out of 5 (1 verified rating),https://www.jumia.com.eg/adidas/,FALSE,FALSE,fashion
Roomba Fashion Sneakers - Men,EGP 350.00 41%,EGP 350.00,41%,https://www.jumia.com.eg/generic-roomba-fashion-sneakers-men-34970502.html,https://eg.jumia.is/unsafe/fit-in/500x500/filters:fill(white)/product/20/507943/1.jpg?8676,Made of Genuine Leather Leather sneakers Rubber sole for excellent flexibility Lightweight for comfort walk Breathable footbed for healthy feet Detailed stitching for a neat look Shoe design tailored and clipped Leather and inner fabric,SKU: GE810FA0C7K13NAFAMZ Model: 031 Production Country: Egypt Color: Multiple colors Main Material: Leather,3 out of 5 (4 verified ratings),https://www.jumia.com.eg/catalog/productratingsreviews/sku/GE810FA0C7K13NAFAMZ/,TRUE,FALSE,fashion
American Eagle AirFlex 360 Skinny Jean,EGP 495.00,"EGP 1,600.00",69%,https://www.jumia.com.eg/american-eagle-airflex-360-skinny-jean-26284378.html,https://eg.jumia.is/unsafe/fit-in/500x500/filters:fill(white)/product/87/348262/1.jpg?2950,"A skinny fit throughout, with no shortage of comfort.","SKU: AM423MW1G06CMNAFAMZ Model: 129316809 Color: LIGHT BRIGHT INDIGO Main Material: 91% COTTON, 4% POLYESTER, 3% POLYESTER - RECYCLED, 2% ELASTANE",4.6 out of 5 (10 verified ratings),https://www.jumia.com.eg/american-eagle/,FALSE,FALSE,fashion
American Eagle AE Super Soft Graphic T-Shirt,EGP 345.00,EGP 650.00,47%,https://www.jumia.com.eg/american-eagle-ae-super-soft-graphic-t-shirt-38514524.html,https://eg.jumia.is/unsafe/fit-in/500x500/filters:fill(white)/product/42/541583/1.jpg?9589,Your new fave tee with a seriously soft feel & picture-perfect photoreal graphics.,SKU: AM423MW0PBTANNAFAMZ Model: 129987367 Color: CREAM Main Material: 100% Cotton,0 out of 5 (No ratings available),https://www.jumia.com.eg/american-eagle/,FALSE,FALSE,fashion
American Eagle Striped Polo Shirt,EGP 395.00,EGP 950.00,58%,https://www.jumia.com.eg/american-eagle-striped-polo-shirt-34392417.html,https://eg.jumia.is/unsafe/fit-in/500x500/filters:fill(white)/product/71/429343/1.jpg?5334,A collared classic featuring a bold single stripe and juuuust enough added stretch.,"SKU: AM423MW16IZ8FNAFAMZ Model: 129531975 Color: Black Main Material: 97% Cotton, 3% Elastane",5 out of 5 (2 verified ratings),https://www.jumia.com.eg/american-eagle/,FALSE,FALSE,fashion
American Eagle Graphic Heather Zip-Up Hoodie,EGP 495.00,"EGP 1,400.00",65%,https://www.jumia.com.eg/american-eagle-graphic-heather-zip-up-hoodie-34392918.html,https://eg.jumia.is/unsafe/fit-in/500x500/filters:fill(white)/product/81/929343/1.jpg?5511,"A soft, zip-up hoodie with graphics for extra style points. Layer up!","SKU: AM423MW1CS133NAFAMZ Model: 129491533 Color: Oatmeal Heather Main Material: 80% Cotton, 20% Polyester",4.4 out of 5 (7 verified ratings),https://www.jumia.com.eg/american-eagle/,FALSE,FALSE,fashion
American Eagle Colorblock Polo Shirt,EGP 395.00,EGP 950.00,58%,https://www.jumia.com.eg/american-eagle-colorblock-polo-shirt-34368913.html,https://eg.jumia.is/unsafe/fit-in/500x500/filters:fill(white)/product/31/986343/1.jpg?0355,"Add some color (and a collar) with this soft, perfectly-stretchy polo shirt.","SKU: AM423MW0J1KTJNAFAMZ Model: 129526981 Color: Navy Main Material: 97% Cotton, 3% Elastane",5 out of 5 (7 verified ratings),https://www.jumia.com.eg/american-eagle/,,FALSE,fashion
American Eagle AE Slim Fit Pique Polo Shirt,EGP 425.00,EGP 750.00,43%,https://www.jumia.com.eg/american-eagle-ae-slim-fit-pique-polo-shirt-38514890.html,https://eg.jumia.is/unsafe/fit-in/500x500/filters:fill(white)/product/09/841583/1.jpg?9829,Slim fit style that keeps you looking and feeling cool. Tipped for a touch of extra detail.,"SKU: AM423MW05UXTBNAFAMZ Model: 129987204 Color: BLUE Main Material: 97% Cotton, 3% Elastane",3 out of 5 (2 verified ratings),https://www.jumia.com.eg/american-eagle/,,FALSE,fashion
American Eagle Pique Polo Shirt,EGP 375.00 - EGP 415.00,EGP 750.00,50%,https://www.jumia.com.eg/pique-polo-shirt-american-eagle-mpg872561.html,https://eg.jumia.is/unsafe/fit-in/500x500/filters:fill(white)/product/75/032412/1.jpg?5112,Material: 97% Cotton 3% Elastane Item Description : Pique Polo Shirt - Black Color: Black Gender: Men,SKU: AM423MW18O7DONAFAMZ Model: U-1165-9152-001 1000 Production Country: Vietnam Color: Black Main Material: 97% Cotton 3% Elastane,4.5 out of 5 (688 verified ratings),https://www.jumia.com.eg/american-eagle/,,FALSE,fashion
American Eagle Slim Flex Polo Shirt,EGP 345.00,EGP 750.00,54%,https://www.jumia.com.eg/american-eagle-slim-flex-polo-shirt-21423183.html,https://eg.jumia.is/unsafe/fit-in/500x500/filters:fill(white)/product/38/132412/1.jpg?0146,Material: 97% Cotton 3% Elastane Item Description : Slim Flex Polo Shirt - Burgundy Color: Burgundy Gender: Men,SKU: AM423MW0MPB5ONAFAMZ Model: U-1165-9146-613 1000 Production Country: India Color: Burgundy Main Material: 97% Cotton 3% Elastane,4.6 out of 5 (631 verified ratings),https://www.jumia.com.eg/american-eagle/,,FALSE,fashion
American Eagle Super Soft Graphic T-Shirt,EGP 345.00,EGP 750.00,54%,https://www.jumia.com.eg/american-eagle-super-soft-graphic-t-shirt-34365136.html,https://eg.jumia.is/unsafe/fit-in/500x500/filters:fill(white)/product/63/156343/1.jpg?0487,Your go-to graphic tee in a super soft jersey you gotta feel to believe.,SKU: AM423MW11LNQVNAFAMZ Model: 129527063 Color: Navy Main Material: 100% Cotton,5 out of 5 (5 verified ratings),https://www.jumia.com.eg/american-eagle/,,FALSE,fashion
Black Plain Leather Sneakers - Men's Fashion,EGP 450.00 17%,EGP 450.00,17%,https://www.jumia.com.eg/generic-black-plain-leather-sneakers-mens-fashion-26053594.html,https://eg.jumia.is/unsafe/fit-in/500x500/filters:fill(white)/product/49/535062/1.jpg?2814,Snekars for man  Lace up  Low Cut Plain  Black ,SKU: GE810FS0THPHYNAFAMZ Model: 104 Black Production Country: Egypt Color: Black Main Material: Leather,4.5 out of 5 (10 verified ratings),https://www.jumia.com.eg/catalog/productratingsreviews/sku/GE810FS0THPHYNAFAMZ/,,FALSE,fashion
FORFIT Bundles 3 Printed Checks Boxer For Men,EGP 250.00 40%,EGP 250.00,40%,https://www.jumia.com.eg/forfit-bundles-3-printed-checks-boxer-for-men-25965743.html,https://eg.jumia.is/unsafe/fit-in/500x500/filters:fill(white)/product/34/756952/1.jpg?5399,"Colors, patterns, and prints may vary and may be the same Personal overviewMachine washThe size is suitable for the body, does not reveal or stretchDoes not wrinkle under clothesKeeps the skin soft and dryeasy to wear","SKU: FO295SL0KOYMWNAFAMZ Model: FMP-007 Production Country: Egypt Size (L x W x H cm): 12×11×11 Color: Vary Color Main Material: 95% Cotton , 5%Lycra Care Label: <h2 style=""text-align: left;"">Machine Wash Cold ,Wash Separately or same colors ,Turn Inside out before washing and drying - Do Not Bleach, Wring, Worm Iron if needed</h2> Shop Type: Jumia Mall",4.3 out of 5 (6 verified ratings),https://www.jumia.com.eg/forfit/,,FALSE,fashion
6 Pieces Men's Boxer Shorts,EGP 450.00 69%,EGP 450.00,69%,https://www.jumia.com.eg/6-pieces-mens-boxer-shorts-generic-mpg737672.html,https://eg.jumia.is/unsafe/fit-in/500x500/filters:fill(white)/product/96/796561/1.jpg?0646,Cotton material Solid pattern Slip on This item cannot be exchanged or returned,SKU: GE810MW1LMOPDNAFAMZ Production Country: Egypt Color: Colors may vary,3.7 out of 5 (351 verified ratings),https://www.jumia.com.eg/catalog/productratingsreviews/sku/GE810MW1LMOPDNAFAMZ/,,FALSE,fashion
Pure Cotton Sweatpants - Black,EGP 300.00 17%,EGP 300.00,17%,https://www.jumia.com.eg/generic-pure-cotton-sweatpants-black-44090341.html,https://eg.jumia.is/unsafe/fit-in/500x500/filters:fill(white)/product/14/309044/1.jpg?6165,Our Model Is Wearing Size L Cotton Material 100% Regular Fit Elastic Waist with Drawstring 3 functional pocketsThe size as below Large size from 63kg to 73kgXl size from 73kg to 83kg2x size from 83kg to 93kg,SKU: GE810MW08IOXGNAFAMZ Color: Black Main Material: Cotton 100%,0 out of 5 (No ratings available),,,FALSE,fashion
Flip Flop Slippers For Men - Black,EGP 140.00 43%,EGP 140.00,43%,https://www.jumia.com.eg/onda-flip-flop-slippers-for-men-black-9518972.html,https://eg.jumia.is/unsafe/fit-in/500x500/filters:fill(white)/product/27/98159/1.jpg?4204,Rubber Upper Material Rubber inner material Hard Rubber Sole Thong toecap shape Size:40/41 - 42/43 - 44/45 EU size 40 fits size 40/41 size 42 fits size 42/43 size 44 fits size 44/45,SKU: ON210FA0GNQQENAFAMZ Model: L Production Country: Egypt Color: Black Main Material: Mix,4.3 out of 5 (40 verified ratings),https://www.jumia.com.eg/catalog/productratingsreviews/sku/ON210FA0GNQQENAFAMZ/,,FALSE,fashion
Brio Classic Oxford 604- Leather Genuine Shoes - Black,EGP 850.00 29%,EGP 850.00,29%,https://www.jumia.com.eg/brio-classic-oxford-604-leather-genuine-shoes-black-26666490.html,https://eg.jumia.is/unsafe/fit-in/500x500/filters:fill(white)/product/09/466662/1.jpg?8509,Leather Outer Material Leather Inner Material Hard Rubber Sole Oval Toe Shape Slip on closure,SKU: BR100FS05MWIUNAFAMZ Model: 604 black Production Country: Egypt Color: Black Main Material: Natural Leather,0 out of 5 (No ratings available),https://www.jumia.com.eg/brand-brio/,,FALSE,fashion
Chertex Men Regular Classic Jeans-dark Blue,EGP 650.00 29%,EGP 650.00,29%,https://www.jumia.com.eg/chertex-men-regular-classic-jeans-dark-blue-27330847.html,https://eg.jumia.is/unsafe/fit-in/500x500/filters:fill(white)/product/74/803372/1.jpg?8292,Regular comfortable Pants The model wear size 42 Solid pattern,SKU: CH456MW18JANGNAFAMZ Model: 137 Production Country: Egypt Size (L x W x H cm): 40*30 Color: blue Main Material: Blended Cotton,5 out of 5 (4 verified ratings),https://www.jumia.com.eg/chertex/,,FALSE,fashion
Caesar Elastic Waist With Baggy Sweatpants - Blue,EGP 154.00,EGP 361.00,57%,https://www.jumia.com.eg/caesar-elastic-waist-with-baggy-sweatpants-blue-24649644.html,https://eg.jumia.is/unsafe/fit-in/500x500/filters:fill(white)/product/44/694642/1.jpg?2699,Our Model Is wearing Size L Cotton Material Regular fit Elastic Waist With Drawstring Solid pattern Slip On  baggy,SKU: BR241MW0QLYLUNAFAMZ Model: 6435 Production Country: Egypt Color: blue Main Material: Cotton,4.5 out of 5 (4 verified ratings),https://www.jumia.com.eg/brand-caesar/,,FALSE,fashion
Sweatpants Cotton-2-bar -Black,EGP 350.00 64%,EGP 350.00,64%,https://www.jumia.com.eg/generic-sweatpants-cotton-2-bar-black-43184531.html,https://eg.jumia.is/unsafe/fit-in/500x500/filters:fill(white)/product/13/548134/1.jpg?2510,The model is wearing a size Material: 100% Cotton For sizes Large fits Weight 65_75 kg Size X fits Weight 75_90 kg Size 2X fits Weight 90_100 kg Size 3X fits Weight 100_110 kg Size 4X fits Weight 113_125 kg Size 5X fits Weight 125_140 kg middle forehead back pocket,SKU: GE810MW082DT2NAFAMZ Model: 1072 Production Country: Egypt Color: Black Main Material: Cotton Care Label: غسيل المنتج بالمقلوب&nbsp;,3 out of 5 (1 verified rating),https://www.jumia.com.eg/catalog/productratingsreviews/sku/GE810MW082DT2NAFAMZ/,,FALSE,fashion
ADIDAS Daily Cap Unisex,EGP 288.00,EGP 549.00,48%,https://www.jumia.com.eg/adidas-daily-cap-unisex-28955260.html,https://eg.jumia.is/unsafe/fit-in/500x500/filters:fill(white)/product/06/255982/1.jpg?4098,  Medium pre-curved brim   Adjustable snapback closure   adidas wordmark across front panel   Adjustable snapback closure  ,SKU: AD537FC03Q35ANAFAMZ Model: GN1989 Color: crew navy Shop Type: Jumia Mall,4 out of 5 (3 verified ratings),https://www.jumia.com.eg/adidas/,,FALSE,fashion
Embrator Boxer Printed Packof 3,EGP 144.00,EGP 180.00,20%,https://www.jumia.com.eg/embrator-boxer-printed-packof-3-27159568.html,https://eg.jumia.is/unsafe/fit-in/500x500/filters:fill(white)/product/86/595172/1.jpg?9570,"This item cannot be exchanged or returned Machine Wash: 30  Tumble Dry : Low Colors, Patterns & Printings May Vary Iron : Low Material Percentage: Cotton 100% Description: Relax boxer printed pack of 3",SKU: EM812SL1FK19GNAFAMZ Production Country: Egypt Color: multi color Main Material: Cotton 100%,4.5 out of 5 (2 verified ratings),https://www.jumia.com.eg/embrator/,,FALSE,fashion
Blazer Jacket For Men,EGP 799.00 26%,EGP 799.00,26%,https://www.jumia.com.eg/generic-blazer-jacket-for-men-40087396.html,https://eg.jumia.is/unsafe/fit-in/500x500/filters:fill(white)/product/69/378004/1.jpg?7595,Casual and classic men's blazer jacketThe inner lining is satinThe main material is soft Indian cottonMade in Egypt,SKU: GE810MW15B0ESNAFAMZ Model: 55553 Production Country: Egypt Color: WHITE Main Material: Cotton,5 out of 5 (2 verified ratings),https://www.jumia.com.eg/catalog/productratingsreviews/sku/GE810MW15B0ESNAFAMZ/,,FALSE,fashion
American Eagle AE Super Soft Graphic T-Shirt,EGP 345.00,EGP 750.00,54%,https://www.jumia.com.eg/american-eagle-ae-super-soft-graphic-t-shirt-26619521.html,https://eg.jumia.is/unsafe/fit-in/500x500/filters:fill(white)/product/12/591662/1.jpg?8786,Elevate your t-shirt game with stylish graphics and suuuper soft cotton.,SKU: AM423MW07HVSENAFAMZ Production Country: Cambodia Color: DARK GRAPHITE Main Material: 100% COTTON,4.9 out of 5 (20 verified ratings),https://www.jumia.com.eg/american-eagle/,,FALSE,fashion
American Eagle Polo Shirt,EGP 415.00,EGP 750.00,45%,https://www.jumia.com.eg/american-eagle-polo-shirt-21422926.html,https://eg.jumia.is/unsafe/fit-in/500x500/filters:fill(white)/product/62/922412/1.jpg?1675,Material: 97% Cotton 3% Elastane Item Description : Polo Shirt - White Color: White Gender: Men,SKU: AM423MW11GN8SNAFAMZ Model: U-1165-9148-100 1000 Production Country: Vietnam Color: White Main Material: 97% Cotton 3% Elastane,4.6 out of 5 (123 verified ratings),https://www.jumia.com.eg/american-eagle/,,FALSE,fashion
Dice Bundle Of Five Men Boxers,EGP 200.00,EGP 399.00 - EGP 499.00,60%,https://www.jumia.com.eg/dice-bundle-of-five-men-boxers-14157237.html,https://eg.jumia.is/unsafe/fit-in/500x500/filters:fill(white)/product/73/275141/1.jpg?4349,"This item cannot be exchanged or returned Colors, Patterns & Printings May Vary & May be Duplicate This item cannot be exchanged or returned True to size, take your usual size. It Doesn’t shrink or stretch out Doesnt wrinkle under your clothes Moisture-wicking - keeps you cool and dry Low profile leg bands for stay-in-place comfort Machine wash Slip on Made of the finest raw materials It has the ability to absorb sweat and prevent unpleasant odors Best-in-class wearing comfort is delivered with high-quality fabric Ideal for regular use",SKU: DI195FA17MJGLNAFAMZ Production Country: Egypt Color: May vary Main Material: Cotton,4.3 out of 5 (286 verified ratings),https://www.jumia.com.eg/dice/,,FALSE,fashion
ADIDAS Essentials Embroidered Linear Logo T-Shirt Men,EGP 400.00,EGP 799.00,50%,https://www.jumia.com.eg/adidas-essentials-embroidered-linear-logo-t-shirt-men-28955242.html,https://eg.jumia.is/unsafe/fit-in/500x500/filters:fill(white)/product/24/255982/1.jpg?4983,"  Regular fit   Crewneck   70% cotton, 30% recycled cotton single jersey   Short sleeves   Embroidered adidas Badge of Sport  ",SKU: AD537MW0EFW1ANAFAMZ Model: GL0058 Color: white Main Material: 70% Cotton/30% REC.CO Shop Type: Jumia Mall,5 out of 5 (2 verified ratings),https://www.jumia.com.eg/adidas/,,FALSE,fashion
Activ Two Stripped Casual White Shoes - Navy Blue & White,EGP 349.00,EGP 449.00,22%,https://www.jumia.com.eg/activ-two-stripped-casual-white-shoes-navy-blue-white-34918104.html,https://eg.jumia.is/unsafe/fit-in/500x500/filters:fill(white)/product/40/181943/1.jpg?4048,Leather Upper Material Textile inner material Hard Rubber Sole Round toecap shape Lace Up Closure,SKU: AC452FS0NX8L3NAFAMZ Model: FOO/ACTIVN/PORT20227858 Production Country: China Color: Multicolour Main Material: Leather,4.7 out of 5 (17 verified ratings),https://www.jumia.com.eg/activ/,,FALSE,fashion
Dice 100% Cotton Three Sleeveless Solid Men T-shirt -White,EGP 139.99,EGP 350.00,60%,https://www.jumia.com.eg/dice-100-cotton-three-sleeveless-solid-men-t-shirt-white-6946001.html,https://eg.jumia.is/unsafe/fit-in/500x500/filters:fill(white)/product/10/06496/1.jpg?8908,This item cannot be exchanged or returned Our Model is wearing Size S 100% Cotton Material Solid Material Regular Fit,"SKU: DI195FA05ZQ68NAFAMZ Production Country: Egypt Color: White Main Material: Cotton Care Label: Hand Wash , Low Iron",4 out of 5 (997 verified ratings),https://www.jumia.com.eg/dice/,,FALSE,fashion
American Eagle AE Super Soft Elevated Graphic T-Shirt,EGP 345.00,EGP 750.00,54%,https://www.jumia.com.eg/american-eagle-ae-super-soft-elevated-graphic-t-shirt-26623198.html,https://eg.jumia.is/unsafe/fit-in/500x500/filters:fill(white)/product/89/132662/1.jpg?4747,Graphics you have to feel to believe!,SKU: AM423MW1H2F7ANAFAMZ Production Country: Jordan Color: WHITE Main Material: 100% COTTON,5 out of 5 (16 verified ratings),https://www.jumia.com.eg/american-eagle/,,FALSE,fashion
ADIDAS Adilette Aqua Slides Unisex,EGP 550.00,"EGP 1,099.00",50%,https://www.jumia.com.eg/adidas-adilette-aqua-slides-unisex-28955157.html,https://eg.jumia.is/unsafe/fit-in/500x500/filters:fill(white)/product/75/155982/1.jpg?4027,  Regular fit   Slip-on construction   One-piece moulded EVA upper   EVA outsole   Soft Cloudfoam footbed   Lightweight feel; Quick-drying material  ,SKU: AD537FS18QUQ6NAFAMZ Model: F35542 Color: dark blue Main Material: SYNTHETICS Shop Type: Jumia Mall,4 out of 5 (35 verified ratings),https://www.jumia.com.eg/adidas/,,FALSE,fashion
Cottonil Bundle Of Three Breathable Cotton Undershirts - White,EGP 169.00,EGP 299.00,43%,https://www.jumia.com.eg/cottonil-bundle-of-three-breathable-cotton-undershirts-white-4989560.html,https://eg.jumia.is/unsafe/fit-in/500x500/filters:fill(white)/product/06/59894/1.jpg?9879,"This item cannot be exchanged or returned This item cannot be exchanged or returned Doesn’t wrinkle under your clothes Machine Wash Made of cotton material Comes in quick dry effect Breathable, quick-drying & odor-inhibiting Soft and gentle on the skin Ideal for daily use Slip on Sleeveless Round Neck",SKU: CO251FA03XFRWNAFAMZ Production Country: Egypt Color: White Main Material: Cotton,4.3 out of 5 (2361 verified ratings),https://www.jumia.com.eg/cottonil/,,FALSE,fashion
American Eagle AE Elevated Graphic Tee,EGP 345.00,EGP 750.00,54%,https://www.jumia.com.eg/american-eagle-ae-elevated-graphic-tee-26619474.html,https://eg.jumia.is/unsafe/fit-in/500x500/filters:fill(white)/product/47/491662/1.jpg?8127,A new dimension of graphic tee. You've got to feel it to believe it!,SKU: AM423MW0S9WSUNAFAMZ Production Country: Pakistan Color: BLACK Main Material: 100% COTTON,5 out of 5 (8 verified ratings),https://www.jumia.com.eg/american-eagle/,,FALSE,fashion
Activ Double Black Stitched Striped White Sneakers,EGP 349.00,EGP 449.00,22%,https://www.jumia.com.eg/activ-double-black-stitched-striped-white-sneakers-34918080.html,https://eg.jumia.is/unsafe/fit-in/500x500/filters:fill(white)/product/08/081943/1.jpg?4052,Leather Upper Material Textile Inner Material Hard Rubber Sole Round Toecap Shape Lace Closure,SKU: AC452FS04T82FNAFAMZ Model: FOO/ACTIVN/PORT20227854 Production Country: China Color: Multicolour Main Material: Leather,4.9 out of 5 (8 verified ratings),https://www.jumia.com.eg/activ/,,FALSE,fashion
ADIDAS Essentials Embroidered Linear Logo T-Shirt Men,EGP 400.00,EGP 799.00,50%,https://www.jumia.com.eg/adidas-essentials-embroidered-linear-logo-t-shirt-men-28955244.html,https://eg.jumia.is/unsafe/fit-in/500x500/filters:fill(white)/product/44/255982/1.jpg?4983,"  Regular fit   Crewneck   70% cotton, 30% recycled cotton single jersey   Short sleeves   Embroidered adidas Badge of Sport  ",SKU: AD537MW0QCK4UNAFAMZ Model: GL0060 Color: GREY Main Material: 70% Cotton/30% REC.CO Shop Type: Jumia Mall,4.4 out of 5 (7 verified ratings),https://www.jumia.com.eg/adidas/,,FALSE,fashion
ADIDAS Essentials Embroidered Linear Logo T-Shirt Men,EGP 400.00,EGP 799.00,50%,https://www.jumia.com.eg/adidas-essentials-embroidered-linear-logo-t-shirt-men-28955245.html,https://eg.jumia.is/unsafe/fit-in/500x500/filters:fill(white)/product/54/255982/1.jpg?4983,"  Regular fit   Crewneck   70% cotton, 30% recycled cotton single jersey   Short sleeves   Embroidered adidas Badge of Sport  ",SKU: AD537MW0WAW6MNAFAMZ Model: GL0062 Color: BLUE Main Material: 70% Cotton/30% REC.CO Shop Type: Jumia Mall,5 out of 5 (5 verified ratings),https://www.jumia.com.eg/adidas/,,FALSE,fashion
Bundle Of (12) Invisible Socks - For Men,EGP 249.00 72%,EGP 249.00,72%,https://www.jumia.com.eg/generic-bundle-of-12-invisible-socks-for-men-21455048.html,https://eg.jumia.is/unsafe/fit-in/500x500/filters:fill(white)/product/84/055412/1.jpg?8747,"High quality industrial materials Flexible and comfortable with the same cotton feel Nice colors, it may differ slightly from the picture The product cannot be returned or exchanged to protect personal hygiene    This item is non-returnable and non refundable",SKU: GE810MW1E1LKKNAFAMZ Production Country: Egypt Size (L x W x H cm): 0 Color: colors may vary Main Material: MIX,3.9 out of 5 (214 verified ratings),https://www.jumia.com.eg/catalog/productratingsreviews/sku/GE810MW1E1LKKNAFAMZ/,,FALSE,fashion
American Eagle AE Slim Fit Pique Polo Shirt,EGP 425.00,EGP 750.00,43%,https://www.jumia.com.eg/american-eagle-ae-slim-fit-pique-polo-shirt-38514853.html,https://eg.jumia.is/unsafe/fit-in/500x500/filters:fill(white)/product/35/841583/1.jpg?9769,Slim fit style that keeps you looking and feeling cool. Tipped for a touch of extra detail.,"SKU: AM423MW0LC7JJNAFAMZ Model: 129987216 Color: LIGHT PINK Main Material: 97% Cotton, 3% Elastane",0 out of 5 (No ratings available),https://www.jumia.com.eg/american-eagle/,,FALSE,fashion
American Eagle Polo Shirt,EGP 415.00,EGP 750.00,45%,https://www.jumia.com.eg/american-eagle-polo-shirt-21422884.html,https://eg.jumia.is/unsafe/fit-in/500x500/filters:fill(white)/product/48/822412/1.jpg?5117,Material: 97% Cotton 3% Elastane Item Description : Polo Shirt - Black Color: Black Gender: Men,SKU: AM423MW0T2FM4NAFAMZ Model: U-1165-9148-001 1000 Production Country: Vietnam Color: Black Main Material: 97% Cotton 3% Elastane,4.5 out of 5 (128 verified ratings),https://www.jumia.com.eg/american-eagle/,,FALSE,fashion
Dice Bundle Of Solid Five Boxers,EGP 200.00,EGP 399.00,50%,https://www.jumia.com.eg/dice-bundle-of-solid-five-boxers-13265056.html,https://eg.jumia.is/unsafe/fit-in/500x500/filters:fill(white)/product/65/056231/1.jpg?8851,"This item cannot be exchanged or returned Colors, May be Duplicate This item cannot be exchanged or returned It Doesn’t shrink or stretch out Low profile leg bands for stay-in-place comfort Machine wash Slip on Elastic Waist Solid Pattern Regular Fit Made of the finest raw materials It has the ability to absorb sweat and prevent unpleasant odors Ideal for daily use",SKU: DI195FA12QDPJNAFAMZ Production Country: Egypt Color: May vary Main Material: Cotton,4.4 out of 5 (496 verified ratings),https://www.jumia.com.eg/dice/,,FALSE,fashion
Diadora RB10 MARCH R TF Synthetic Turf Football Shoes Men - White,"EGP 1,290.00 61%","EGP 1,290.00",61%,https://www.jumia.com.eg/diadora-rb10-march-r-tf-synthetic-turf-football-shoes-men-white-38453912.html,https://eg.jumia.is/unsafe/fit-in/500x500/filters:fill(white)/product/21/935483/1.jpg?3587, Rod “Touch & Feel” Suprell Water Resistant. Lining in anti-stretch fabric and rear lining in non-slip PU. Sockliner with flex points in the forefoot area  Sockliner Synthetic fabric and shockproof expanded EVA  Sole Anti-abrasion rubber  Area synthetic field,SKU: DI391FS0D25IZNAFAMZ Model: 174858-C3518 Production Country: China Color: White Main Material: Synthitec,4.3 out of 5 (13 verified ratings),https://www.jumia.com.eg/diadora/,,FALSE,fashion
American Eagle AE Super Soft Graphic T-Shirt,EGP 345.00,EGP 750.00,54%,https://www.jumia.com.eg/american-eagle-ae-super-soft-graphic-t-shirt-26619481.html,https://eg.jumia.is/unsafe/fit-in/500x500/filters:fill(white)/product/18/491662/1.jpg?8787,Elevate your t-shirt game with stylish graphics and suuuper soft cotton.,SKU: AM423MW0B0C9ANAFAMZ Production Country: Cambodia Color: NAVY Main Material: 100% COTTON,4.9 out of 5 (27 verified ratings),https://www.jumia.com.eg/american-eagle/,,FALSE,fashion
American Eagle Slim Flex Polo Shirt,EGP 375.00,EGP 750.00,50%,https://www.jumia.com.eg/american-eagle-slim-flex-polo-shirt-21423154.html,https://eg.jumia.is/unsafe/fit-in/500x500/filters:fill(white)/product/45/132412/1.jpg?0891,Material: 97% Cotton 3% Elastane Item Description : Slim Flex Polo Shirt - White Color: White Gender: Men,SKU: AM423MW0QVCE4NAFAMZ Model: U-1165-9146-100 1000 Production Country: India Color: White Main Material: 97% Cotton 3% Elastane,4.7 out of 5 (286 verified ratings),https://www.jumia.com.eg/american-eagle/,,FALSE,fashion
Cottonil Bundle Of Three Men Undershirts Derby,EGP 179.00,EGP 259.00,31%,https://www.jumia.com.eg/cottonil-bundle-of-three-men-undershirts-derby-16402193.html,https://eg.jumia.is/unsafe/fit-in/500x500/filters:fill(white)/product/39/120461/1.jpg?8573,"This item cannot be exchanged or returned Colors, Patterns & Printings May Vary This item cannot be exchanged or returned True to size, take your usual size. It Doesn’t shrink or stretch out Doesn’t wrinkle under your clothes Moisture-wicking - keeps you cool and dry Low profile leg bands for stay-in-place comfort Machine Wash Slip-on Made of the finest raw materials It has the ability to absorb sweat and prevent unpleasant odors Best-in-class wearing comfort is delivered with high-quality fabric Ideal for regular use",SKU: CO251FA0NAHJHNAFAMZ Production Country: Egypt Color: May vary Main Material: Cotton,4.1 out of 5 (1380 verified ratings),https://www.jumia.com.eg/cottonil/,,FALSE,fashion
AM-Shop Bundle OF (4) Socks,EGP 199.00 85%,EGP 199.00,85%,https://www.jumia.com.eg/am-shop-bundle-of-4-socks-19933857.html,https://eg.jumia.is/unsafe/fit-in/500x500/filters:fill(white)/product/75/833991/1.jpg?9265,"High quality industrial materials Flexible and comfortable with the same cotton feel Nice colors, it may differ slightly from the picture The product cannot be returned or exchanged to protect personal hygiene    This item is non-returnable and non refundable  ",SKU: GE810FA195DVRNAFAMZ Model: 1 Production Country: Egypt Color: May vary Main Material: Cotton,3.3 out of 5 (1635 verified ratings),https://www.jumia.com.eg/brand-am-shop/,,FALSE,fashion
Slippers Black And White Lines For Men - Comfortable Leather -,EGP 199.00 65%,EGP 199.00,65%,https://www.jumia.com.eg/generic-slippers-black-and-white-lines-for-men-comfortable-leather-27456716.html,https://eg.jumia.is/unsafe/fit-in/500x500/filters:fill(white)/product/61/765472/1.jpg?9604,Will makes your foot all day walking comfort Very Comfort Light weight slipper Imported materials Men Wear ,SKU: GE810FS10RUJKNAFAMZ Model: black & white men slippers Production Country: Egypt Color: black and white Main Material: Rubber,3.5 out of 5 (23 verified ratings),https://www.jumia.com.eg/catalog/productratingsreviews/sku/GE810FS10RUJKNAFAMZ/,,FALSE,fashion
Desert Basic Lace-Up Faux Leather Fashion Sneaker For Men White,EGP 199.00,EGP 575.00,65%,https://www.jumia.com.eg/desert-basic-lace-up-faux-leather-fashion-sneaker-for-men-white-38465947.html,https://eg.jumia.is/unsafe/fit-in/500x500/filters:fill(white)/product/74/956483/1.jpg?9747,Material Features (EN) :  Eyelets that provide a reliable and secure lace-up closure Durable and lightweight upper that is made of faux leather Flexible PVC sole material for a comfortable fit Flexible and soft leather lining for a snug fit Minimalist shoe style with minimal embellishments Size & Fit : True to size European sizes LENGTH 9.9 in / 25.2 cm (size EU 41) LENGTH 10.25 in / 26 cm (size EU 42) LENGTH 10.6 in / 26.8 cm (size EU 43) LENGTH 10.9 in / 27.8 cm (size EU 44) LENGTH 11.25 in/ 28.6cm (size EU 45) LENGTH 11.6 in / 29.4 cm (size EU 46),SKU: DE403FS18MKSJNAFAMZ Model: HL- M X23 Production Country: Egypt Color: White Main Material: Faux leather,4.3 out of 5 (13 verified ratings),https://www.jumia.com.eg/desert/,,FALSE,fashion
ADIDAS Essentials Embroidered Linear Logo T-Shirt Men,EGP 400.00,EGP 799.00,50%,https://www.jumia.com.eg/adidas-essentials-embroidered-linear-logo-t-shirt-men-28783721.html,https://eg.jumia.is/unsafe/fit-in/500x500/filters:fill(white)/product/12/738782/1.jpg?4984,"  Regular fit   Crewneck   70% cotton, 30% recycled cotton single jersey   Short sleeves   Embroidered adidas Badge of Sport  ",SKU: AD537MW07L1B2NAFAMZ Model: GL0061 Color: Red Main Material: 100% rec polyester Shop Type: Jumia Mall,5 out of 5 (1 verified rating),https://www.jumia.com.eg/adidas/,,FALSE,fashion
Roomba Fashion Sneakers - Men,EGP 350.00 41%,EGP 350.00,41%,https://www.jumia.com.eg/generic-roomba-fashion-sneakers-men-34970502.html,https://eg.jumia.is/unsafe/fit-in/500x500/filters:fill(white)/product/20/507943/1.jpg?8676,Made of Genuine Leather Leather sneakers Rubber sole for excellent flexibility Lightweight for comfort walk Breathable footbed for healthy feet Detailed stitching for a neat look Shoe design tailored and clipped Leather and inner fabric,SKU: GE810FA0C7K13NAFAMZ Model: 031 Production Country: Egypt Color: Multiple colors Main Material: Leather,3 out of 5 (4 verified ratings),https://www.jumia.com.eg/catalog/productratingsreviews/sku/GE810FA0C7K13NAFAMZ/,,FALSE,fashion
American Eagle AirFlex 360 Skinny Jean,EGP 495.00,"EGP 1,600.00",69%,https://www.jumia.com.eg/american-eagle-airflex-360-skinny-jean-26284378.html,https://eg.jumia.is/unsafe/fit-in/500x500/filters:fill(white)/product/87/348262/1.jpg?2950,"A skinny fit throughout, with no shortage of comfort.","SKU: AM423MW1G06CMNAFAMZ Model: 129316809 Color: LIGHT BRIGHT INDIGO Main Material: 91% COTTON, 4% POLYESTER, 3% POLYESTER - RECYCLED, 2% ELASTANE",4.6 out of 5 (10 verified ratings),https://www.jumia.com.eg/american-eagle/,,FALSE,fashion
American Eagle AE Super Soft Graphic T-Shirt,EGP 345.00,EGP 650.00,47%,https://www.jumia.com.eg/american-eagle-ae-super-soft-graphic-t-shirt-38514524.html,https://eg.jumia.is/unsafe/fit-in/500x500/filters:fill(white)/product/42/541583/1.jpg?9589,Your new fave tee with a seriously soft feel & picture-perfect photoreal graphics.,SKU: AM423MW0PBTANNAFAMZ Model: 129987367 Color: CREAM Main Material: 100% Cotton,0 out of 5 (No ratings available),https://www.jumia.com.eg/american-eagle/,,FALSE,fashion
American Eagle Striped Polo Shirt,EGP 395.00,EGP 950.00,58%,https://www.jumia.com.eg/american-eagle-striped-polo-shirt-34392417.html,https://eg.jumia.is/unsafe/fit-in/500x500/filters:fill(white)/product/71/429343/1.jpg?5334,A collared classic featuring a bold single stripe and juuuust enough added stretch.,"SKU: AM423MW16IZ8FNAFAMZ Model: 129531975 Color: Black Main Material: 97% Cotton, 3% Elastane",5 out of 5 (2 verified ratings),https://www.jumia.com.eg/american-eagle/,,FALSE,fashion
American Eagle Graphic Heather Zip-Up Hoodie,EGP 495.00,"EGP 1,400.00",65%,https://www.jumia.com.eg/american-eagle-graphic-heather-zip-up-hoodie-34392918.html,https://eg.jumia.is/unsafe/fit-in/500x500/filters:fill(white)/product/81/929343/1.jpg?5511,"A soft, zip-up hoodie with graphics for extra style points. Layer up!","SKU: AM423MW1CS133NAFAMZ Model: 129491533 Color: Oatmeal Heather Main Material: 80% Cotton, 20% Polyester",4.4 out of 5 (7 verified ratings),https://www.jumia.com.eg/american-eagle/,,FALSE,fashion
American Eagle Colorblock Polo Shirt,EGP 395.00,EGP 950.00,58%,https://www.jumia.com.eg/american-eagle-colorblock-polo-shirt-34368913.html,https://eg.jumia.is/unsafe/fit-in/500x500/filters:fill(white)/product/31/986343/1.jpg?0355,"Add some color (and a collar) with this soft, perfectly-stretchy polo shirt.","SKU: AM423MW0J1KTJNAFAMZ Model: 129526981 Color: Navy Main Material: 97% Cotton, 3% Elastane",5 out of 5 (7 verified ratings),https://www.jumia.com.eg/american-eagle/,,FALSE,fashion
American Eagle AE Slim Fit Pique Polo Shirt,EGP 425.00,EGP 750.00,43%,https://www.jumia.com.eg/american-eagle-ae-slim-fit-pique-polo-shirt-38514890.html,https://eg.jumia.is/unsafe/fit-in/500x500/filters:fill(white)/product/09/841583/1.jpg?9829,Slim fit style that keeps you looking and feeling cool. Tipped for a touch of extra detail.,"SKU: AM423MW05UXTBNAFAMZ Model: 129987204 Color: BLUE Main Material: 97% Cotton, 3% Elastane",3 out of 5 (2 verified ratings),https://www.jumia.com.eg/american-eagle/,,FALSE,fashion
American Eagle Pique Polo Shirt,EGP 375.00 - EGP 415.00,EGP 750.00,50%,https://www.jumia.com.eg/pique-polo-shirt-american-eagle-mpg872561.html,https://eg.jumia.is/unsafe/fit-in/500x500/filters:fill(white)/product/75/032412/1.jpg?5112,Material: 97% Cotton 3% Elastane Item Description : Pique Polo Shirt - Black Color: Black Gender: Men,SKU: AM423MW18O7DONAFAMZ Model: U-1165-9152-001 1000 Production Country: Vietnam Color: Black Main Material: 97% Cotton 3% Elastane,4.5 out of 5 (688 verified ratings),https://www.jumia.com.eg/american-eagle/,,FALSE,fashion
American Eagle Slim Flex Polo Shirt,EGP 345.00,EGP 750.00,54%,https://www.jumia.com.eg/american-eagle-slim-flex-polo-shirt-21423183.html,https://eg.jumia.is/unsafe/fit-in/500x500/filters:fill(white)/product/38/132412/1.jpg?0146,Material: 97% Cotton 3% Elastane Item Description : Slim Flex Polo Shirt - Burgundy Color: Burgundy Gender: Men,SKU: AM423MW0MPB5ONAFAMZ Model: U-1165-9146-613 1000 Production Country: India Color: Burgundy Main Material: 97% Cotton 3% Elastane,4.6 out of 5 (631 verified ratings),https://www.jumia.com.eg/american-eagle/,,FALSE,fashion
American Eagle Super Soft Graphic T-Shirt,EGP 345.00,EGP 750.00,54%,https://www.jumia.com.eg/american-eagle-super-soft-graphic-t-shirt-34365136.html,https://eg.jumia.is/unsafe/fit-in/500x500/filters:fill(white)/product/63/156343/1.jpg?0487,Your go-to graphic tee in a super soft jersey you gotta feel to believe.,SKU: AM423MW11LNQVNAFAMZ Model: 129527063 Color: Navy Main Material: 100% Cotton,5 out of 5 (5 verified ratings),https://www.jumia.com.eg/american-eagle/,,FALSE,fashion
Black Plain Leather Sneakers - Men's Fashion,EGP 450.00 17%,EGP 450.00,17%,https://www.jumia.com.eg/generic-black-plain-leather-sneakers-mens-fashion-26053594.html,https://eg.jumia.is/unsafe/fit-in/500x500/filters:fill(white)/product/49/535062/1.jpg?2814,Snekars for man  Lace up  Low Cut Plain  Black ,SKU: GE810FS0THPHYNAFAMZ Model: 104 Black Production Country: Egypt Color: Black Main Material: Leather,4.5 out of 5 (10 verified ratings),https://www.jumia.com.eg/catalog/productratingsreviews/sku/GE810FS0THPHYNAFAMZ/,,FALSE,fashion
FORFIT Bundles 3 Printed Checks Boxer For Men,EGP 250.00 40%,EGP 250.00,40%,https://www.jumia.com.eg/forfit-bundles-3-printed-checks-boxer-for-men-25965743.html,https://eg.jumia.is/unsafe/fit-in/500x500/filters:fill(white)/product/34/756952/1.jpg?5399,"Colors, patterns, and prints may vary and may be the same Personal overviewMachine washThe size is suitable for the body, does not reveal or stretchDoes not wrinkle under clothesKeeps the skin soft and dryeasy to wear","SKU: FO295SL0KOYMWNAFAMZ Model: FMP-007 Production Country: Egypt Size (L x W x H cm): 12×11×11 Color: Vary Color Main Material: 95% Cotton , 5%Lycra Care Label: <h2 style=""text-align: left;"">Machine Wash Cold ,Wash Separately or same colors ,Turn Inside out before washing and drying - Do Not Bleach, Wring, Worm Iron if needed</h2> Shop Type: Jumia Mall",4.3 out of 5 (6 verified ratings),https://www.jumia.com.eg/forfit/,,FALSE,fashion
6 Pieces Men's Boxer Shorts,EGP 450.00 69%,EGP 450.00,69%,https://www.jumia.com.eg/6-pieces-mens-boxer-shorts-generic-mpg737672.html,https://eg.jumia.is/unsafe/fit-in/500x500/filters:fill(white)/product/96/796561/1.jpg?0646,Cotton material Solid pattern Slip on This item cannot be exchanged or returned,SKU: GE810MW1LMOPDNAFAMZ Production Country: Egypt Color: Colors may vary,3.7 out of 5 (351 verified ratings),https://www.jumia.com.eg/catalog/productratingsreviews/sku/GE810MW1LMOPDNAFAMZ/,,FALSE,fashion
Pure Cotton Sweatpants - Black,EGP 300.00 17%,EGP 300.00,17%,https://www.jumia.com.eg/generic-pure-cotton-sweatpants-black-44090341.html,https://eg.jumia.is/unsafe/fit-in/500x500/filters:fill(white)/product/14/309044/1.jpg?6165,Our Model Is Wearing Size L Cotton Material 100% Regular Fit Elastic Waist with Drawstring 3 functional pocketsThe size as below Large size from 63kg to 73kgXl size from 73kg to 83kg2x size from 83kg to 93kg,SKU: GE810MW08IOXGNAFAMZ Color: Black Main Material: Cotton 100%,0 out of 5 (No ratings available),,,FALSE,fashion
Flip Flop Slippers For Men - Black,EGP 140.00 43%,EGP 140.00,43%,https://www.jumia.com.eg/onda-flip-flop-slippers-for-men-black-9518972.html,https://eg.jumia.is/unsafe/fit-in/500x500/filters:fill(white)/product/27/98159/1.jpg?4204,Rubber Upper Material Rubber inner material Hard Rubber Sole Thong toecap shape Size:40/41 - 42/43 - 44/45 EU size 40 fits size 40/41 size 42 fits size 42/43 size 44 fits size 44/45,SKU: ON210FA0GNQQENAFAMZ Model: L Production Country: Egypt Color: Black Main Material: Mix,4.3 out of 5 (40 verified ratings),https://www.jumia.com.eg/catalog/productratingsreviews/sku/ON210FA0GNQQENAFAMZ/,,FALSE,fashion
Brio Classic Oxford 604- Leather Genuine Shoes - Black,EGP 850.00 29%,EGP 850.00,29%,https://www.jumia.com.eg/brio-classic-oxford-604-leather-genuine-shoes-black-26666490.html,https://eg.jumia.is/unsafe/fit-in/500x500/filters:fill(white)/product/09/466662/1.jpg?8509,Leather Outer Material Leather Inner Material Hard Rubber Sole Oval Toe Shape Slip on closure,SKU: BR100FS05MWIUNAFAMZ Model: 604 black Production Country: Egypt Color: Black Main Material: Natural Leather,0 out of 5 (No ratings available),https://www.jumia.com.eg/brand-brio/,,FALSE,fashion
Chertex Men Regular Classic Jeans-dark Blue,EGP 650.00 29%,EGP 650.00,29%,https://www.jumia.com.eg/chertex-men-regular-classic-jeans-dark-blue-27330847.html,https://eg.jumia.is/unsafe/fit-in/500x500/filters:fill(white)/product/74/803372/1.jpg?8292,Regular comfortable Pants The model wear size 42 Solid pattern,SKU: CH456MW18JANGNAFAMZ Model: 137 Production Country: Egypt Size (L x W x H cm): 40*30 Color: blue Main Material: Blended Cotton,5 out of 5 (4 verified ratings),https://www.jumia.com.eg/chertex/,,FALSE,fashion
Caesar Elastic Waist With Baggy Sweatpants - Blue,EGP 154.00,EGP 361.00,57%,https://www.jumia.com.eg/caesar-elastic-waist-with-baggy-sweatpants-blue-24649644.html,https://eg.jumia.is/unsafe/fit-in/500x500/filters:fill(white)/product/44/694642/1.jpg?2699,Our Model Is wearing Size L Cotton Material Regular fit Elastic Waist With Drawstring Solid pattern Slip On  baggy,SKU: BR241MW0QLYLUNAFAMZ Model: 6435 Production Country: Egypt Color: blue Main Material: Cotton,4.5 out of 5 (4 verified ratings),https://www.jumia.com.eg/brand-caesar/,,FALSE,fashion
Sweatpants Cotton-2-bar -Black,EGP 350.00 64%,EGP 350.00,64%,https://www.jumia.com.eg/generic-sweatpants-cotton-2-bar-black-43184531.html,https://eg.jumia.is/unsafe/fit-in/500x500/filters:fill(white)/product/13/548134/1.jpg?2510,The model is wearing a size Material: 100% Cotton For sizes Large fits Weight 65_75 kg Size X fits Weight 75_90 kg Size 2X fits Weight 90_100 kg Size 3X fits Weight 100_110 kg Size 4X fits Weight 113_125 kg Size 5X fits Weight 125_140 kg middle forehead back pocket,SKU: GE810MW082DT2NAFAMZ Model: 1072 Production Country: Egypt Color: Black Main Material: Cotton Care Label: غسيل المنتج بالمقلوب&nbsp;,3 out of 5 (1 verified rating),https://www.jumia.com.eg/catalog/productratingsreviews/sku/GE810MW082DT2NAFAMZ/,,FALSE,fashion
ADIDAS Daily Cap Unisex,EGP 288.00,EGP 549.00,48%,https://www.jumia.com.eg/adidas-daily-cap-unisex-28955260.html,https://eg.jumia.is/unsafe/fit-in/500x500/filters:fill(white)/product/06/255982/1.jpg?4098,  Medium pre-curved brim   Adjustable snapback closure   adidas wordmark across front panel   Adjustable snapback closure  ,SKU: AD537FC03Q35ANAFAMZ Model: GN1989 Color: crew navy Shop Type: Jumia Mall,4 out of 5 (3 verified ratings),https://www.jumia.com.eg/adidas/,,FALSE,fashion
Embrator Boxer Printed Packof 3,EGP 144.00,EGP 180.00,20%,https://www.jumia.com.eg/embrator-boxer-printed-packof-3-27159568.html,https://eg.jumia.is/unsafe/fit-in/500x500/filters:fill(white)/product/86/595172/1.jpg?9570,"This item cannot be exchanged or returned Machine Wash: 30  Tumble Dry : Low Colors, Patterns & Printings May Vary Iron : Low Material Percentage: Cotton 100% Description: Relax boxer printed pack of 3",SKU: EM812SL1FK19GNAFAMZ Production Country: Egypt Color: multi color Main Material: Cotton 100%,4.5 out of 5 (2 verified ratings),https://www.jumia.com.eg/embrator/,,FALSE,fashion
Blazer Jacket For Men,EGP 799.00 26%,EGP 799.00,26%,https://www.jumia.com.eg/generic-blazer-jacket-for-men-40087396.html,https://eg.jumia.is/unsafe/fit-in/500x500/filters:fill(white)/product/69/378004/1.jpg?7595,Casual and classic men's blazer jacketThe inner lining is satinThe main material is soft Indian cottonMade in Egypt,SKU: GE810MW15B0ESNAFAMZ Model: 55553 Production Country: Egypt Color: WHITE Main Material: Cotton,5 out of 5 (2 verified ratings),https://www.jumia.com.eg/catalog/productratingsreviews/sku/GE810MW15B0ESNAFAMZ/,,FALSE,fashion
